00200.ru - domain is, probably, for sale		00200.ru - domain is, probably, for sale. Domain is parked by service DomainParking.ru
–ë–µ—Å–ø–ª–∞—Ç–Ω—ã–π –≤–∏–¥–µ–æ-–∫—É—Ä—Å		
Free Hosting : 000SPACE		Free web hosting with no ads, website builder, 110MB replacement, Lycos replacement
		
000free.us		
005i.com - —ç—Ç–æ –Ω–∞–∏–ª—É—á—à–∏–π –∏—Å—Ç–æ—á–Ω–∏–∫ –∏–Ω—Ñ–æ—Ä–º–∞—Ü–∏–∏ –ø–æ —Ç–µ–º–µ 005i.		 005i.com —ç—Ç–æ –Ω–∞–∏–ª—É—á—à–∏–π –∏—Å—Ç–æ—á–Ω–∏–∫ –∏–Ω—Ñ–æ—Ä–º–∞—Ü–∏–∏ –ø–æ —Ç–µ–º–µ 005i . –ó–¥–µ—Å—å —Ç–∞–∫–∂–µ –ø—Ä–µ–¥—Å—Ç–∞–≤–ª–µ–Ω—ã –¥—Ä—É–≥–∏–µ –∏–Ω—Ç–µ—Ä–µ—Å–Ω—ã–µ —Ä–∞–∑–¥–µ–ª—ã. –ù–∞–¥–µ–µ–º—Å—è, —á—Ç–æ –≤—ã –Ω–∞–π–¥–µ—Ç–µ —Ç–æ, —á—Ç–æ –∏—â–µ—Ç–µ.
–ú–æ–∏ –ø—Ä–∞–≤–∞ ‚Äî –†–µ–≥–∏—Å—Ç—Ä–∞—Ü–∏—è –°–ú–ò, –ø–æ–¥–¥–µ—Ä–∂–∫–∞ –°–ú–ò, —Ä–µ–≥–∏—Å—Ç—Ä–∞—Ü–∏—è —Ñ–∏—Ä–º		
zero zero six eight dot ru		
403		
Free Web Hosting - Host a Website for Free with Cpanel, PHP	free web hosting, freehosting, free website, web hosting, free hosting, webhosting, free website builder, free domain, no ads, free host, free web, free domain hosting, PHP, Mysql, cPanel	Absolutely free web hosting with cPanel, PHP & MySQL for a stunning blogging start. Get free website hosting together with a free domain name at no cost at all!
–ê–≤–∏–∞–±–∏–ª–µ—Ç—ã –∏ –ñ–¥ –±–∏–ª–µ—Ç—ã –≤ –°–ü–± | –ë–∏–ª–µ—Ç—ã –Ω–∞ –ø–∞—Ä–æ–º—ã –∏ –∞–≤—Ç–æ–±—É—Å—ã | –ñ–µ–ª–µ–∑–Ω–æ–¥–æ—Ä–æ–∂–Ω—ã–µ –∏ –ê–≤–∏–∞–∫–∞—Å—Å—ã 007 –≤ –°–∞–Ω–∫—Ç-–ü–µ—Ç–µ—Ä–±—É—Ä–≥–µ - –°–µ—Ä–≤–∏—Å 007	–∞–≤–∏–∞–±–∏–ª–µ—Ç—ã, –∂–¥ –±–∏–ª–µ—Ç—ã, –∑–∞–∫–∞–∑ –∂–µ–ª–µ–∑–Ω–æ–¥–æ—Ä–æ–∂–Ω—ã—Ö –±–∏–ª–µ—Ç–æ–≤, –∑–∞–∫–∞–∑ –∞–≤–∏–∞–±–∏–ª–µ—Ç–æ–≤, —Å–ø–±, –¥–æ—Å—Ç–∞–≤–∫–∞, –∂/–¥ –∫–∞—Å—Å–∞, –∂ –¥, —Å–∞–Ω–∫—Ç –ø–µ—Ç–µ—Ä–±—É—Ä–≥, –ø—Ä–æ–¥–∞–∂–∞, –ø–∏—Ç–µ—Ä, –ø–∞—Ä–æ–º, –∞–≤—Ç–æ–±—É—Å, —Å–µ—Ä–≤–∏—Å 007	–ö—Ä—É–≥–ª–æ—Å—É—Ç–æ—á–Ω—ã–π –∑–∞–∫–∞–∑ –∞–≤–∏–∞–±–∏–ª–µ—Ç–æ–≤ –∏ –∂–µ–ª–µ–∑–Ω–æ–¥–æ—Ä–æ–∂–Ω—ã—Ö –±–∏–ª–µ—Ç–æ–≤, –±–∏–ª–µ—Ç—ã –Ω–∞ –ø–∞—Ä–æ–º—ã –∏ –∞–≤—Ç–æ–±—É—Å—ã —Å –¥–æ—Å—Ç–∞–≤–∫–æ–π –ø–æ –°–∞–Ω–∫—Ç-–ü–µ—Ç–µ—Ä–±—É—Ä–≥—É. –ñ–µ–ª–µ–∑–Ω–æ–¥–æ—Ä–æ–∂–Ω—ã–µ –∏ –∞–≤–∏–∞ –∫–∞—Å—Å—ã –°–µ—Ä–≤–∏—Å 007. 
–†–æ—Å—Å–∏–π—Å–∫–∏–π —Å–ø—Ä–∞–≤–æ—á–Ω–∏–∫		–†–æ—Å—Å–∏–π—Å–∫–∏–π —Å–ø—Ä–∞–≤–æ—á–Ω–∏–∫ –ø–æ —Å–ª—É–∂–±–∞–º –≥–æ—Ä–æ–¥–æ–≤.
–°–ø—Ä–∞–≤–æ—á–Ω–∞—è –∞–ø—Ç–µ–∫ –∏ –º–µ–¥–∏—Ü–∏–Ω—Å–∫–∏—Ö —É—Å–ª—É–≥ –ú–æ—Å–∫–≤—ã	–°–ø—Ä–∞–≤–æ—á–Ω–∞—è –∞–ø—Ç–µ–∫ –∏ –º–µ–¥–∏—Ü–∏–Ω—Å–∫–∏—Ö —É—Å–ª—É–≥ –ú–æ—Å–∫–≤—ã	–°–ø—Ä–∞–≤–æ—á–Ω–∞—è –∞–ø—Ç–µ–∫ –∏ –º–µ–¥–∏—Ü–∏–Ω—Å–∫–∏—Ö —É—Å–ª—É–≥ –ú–æ—Å–∫–≤—ã
–°–ø—Ä–∞–≤–æ—á–Ω–∞—è –∏–Ω—Ñ–æ—Ä–º–∞—Ü–∏–æ–Ω–Ω–∞—è —Å–∏—Å—Ç–µ–º–∞ 008 - –∞–¥—Ä–µ—Å–∞ –∏ —Ç–µ–ª–µ—Ñ–æ–Ω—ã, —Ç–µ–ª–µ—Ñ–æ–Ω–Ω—ã–π —Å–ø—Ä–∞–≤–æ—á–Ω–∏–∫ –∫–æ–º–ø–∞–Ω–∏–π, –∞–¥—Ä–µ—Å–∞ –º–∞–≥–∞–∑–∏–Ω–æ–≤, –∫–∞—Ç–∞–ª–æ–≥ –∫–æ–º–ø–∞–Ω–∏–π –≤ –°–∞–Ω–∫—Ç-–ü–µ—Ç–µ—Ä–±—É—Ä–≥–µ		–ò—Å—á–µ—Ä–ø—ã–≤–∞—é—â–∞—è –∫–æ–Ω—Ç–∞–∫—Ç–Ω–∞—è –∏–Ω—Ñ–æ—Ä–º–∞—Ü–∏—è –∏ –¥–µ—Ç–∞–ª—å–Ω–æ–µ –æ–ø–∏—Å–∞–Ω–∏–µ –æ—Ä–≥–∞–Ω–∏–∑–∞—Ü–∏–π –°–∞–Ω–∫—Ç-–ü–µ—Ç–µ—Ä–±—É—Ä–≥–∞. –ö–∞—Ç–∞–ª–æ–≥ –∫–æ–º–ø–∞–Ω–∏–π: –∞–¥—Ä–µ—Å–∞ —Å —É–∫–∞–∑–∞–Ω–∏–µ–º —Ä–∞–π–æ–Ω–æ–≤ –∏ —Å—Ç–∞–Ω—Ü–∏–π –º–µ—Ç—Ä–æ, —Ç–µ–ª–µ—Ñ–æ–Ω—ã, –∞–∫—Ü–∏–∏, —Å–∫–∏–¥–∫–∏, –Ω–æ–≤–æ—Å—Ç–∏.
0024info.com		DevSupport Techno Hub
–ì–ª–∞–≤–Ω–∞—è - –ò–Ω–≤–µ—Å—Ç–∏—Ü–∏–∏ –≤ –ø—Ä–æ–º—ã—à–ª–µ–Ω–Ω–æ—Å—Ç—å	–∞–∫—Ü–∏–∏, –ø—Ä–æ–º—ã—à–ª–µ–Ω–Ω–æ—Å—Ç—å, –ø–æ–∫—É–ø–∫–∞, –¥–æ—Ä–æ–≥–æ	–ü–æ–∫—É–ø–∫–∞ –∞–∫—Ü–∏–π –ø—Ä–µ–¥–ø—Ä–∏—è—Ç–∏–π.
00server.com -- $0 setup fee and $0 monthly fee, free web page, free domain name, web site design, free web space, web page design, free web hosting, free e-mail, free web site, free web site hosting	free web page, free domain name, web site design, free web space, web page design, free web hosting, free e-mail, free web site, free web site hosting, web page designer, creating web page, free web page hosting, free web page design, free e-mail account, web page development, free web space provider, free web page builder, web hosting free, design web page, free web page space, create free web page, web page free, free web site design, web site design company, free web page maker, free web hosting services, free web page provider, free web site space, web page design company, make a free web page, web space free, free web page site, web site design service, webpage, website, free e-mail.	00server.com -- Get a custom domain name that fits your site. Choose from over 20 base domain names (like 00me.com, 00sports.com, 00family.com) and then put your name in front! You also get 20MB of web space, unlimited free web-based e-mail accounts, a guestbook, visitor counters, site statistics, a custom instant messenger, easy-to-use site building tools, FTP access and more.
Tattelecom - –õ–æ–≥–∏–Ω		
01 –∞–ø—Ç–µ–∫–∞	–ê–ø—Ç–µ–∫–∞, –ª–µ–∫–∞—Ä—Å—Ç–≤–æ, –∫—É–ø–∏—Ç—å, –∑–∞–±–æ–ª–µ–ª, –±–æ–ª–µ–∑–Ω—å, –ª–µ—á–∏—Ç—å, –≤—ã–ª–µ—á–∏—Ç—å, —Å–ø—Ä–∞–≤–æ—á–Ω–∞—è, –¥–µ–∂—É—Ä–Ω–∞—è –∞–ø—Ç–µ–∫–∞, 
, —Ä–µ–π—Ç–∏–Ω–≥.	01 –∞–ø—Ç–µ–∫–∞, –∞–ø—Ç–µ–∫–∏ –≤—Å–µ–≥–æ –º–∏—Ä–∞, —Å–ø—Ä–∞–≤–æ—á–Ω–∞—è –∞–ø—Ç–µ–∫, –±–ª–∏–∑–∫–∏–µ –≤–∞–º –∏ –±–æ–ª—å—à–∏–º –∞—Å—Å–æ—Ä—Ç–∏–º–µ–Ω—Ç–æ–º –ª–µ–∫–∞—Ä—Å—Ç–≤. –í—ã–±–∏—Ä–∞–π—Ç–µ –ª—é–±—É—é –∏–∑ 101 –∞–ø—Ç–µ–∫–∞ –≤ —Ä–µ–π—Ç–∏–Ω–≥–µ.
hello		
Loading...		
–°–ø—Ä–∏–Ω—Ç—Ö–æ—Å—Ç ‚Äî NVMe-—Ö–æ—Å—Ç–∏–Ω–≥ –¥–ª—è —Å–∞–π—Ç–æ–≤, —Ç–µ—Ö–Ω–∏—á–µ—Å–∫–∞—è –ø–æ–¥–¥–µ—Ä–∂–∫–∞ 24/7	—Ö–æ—Å—Ç–∏–Ω–≥, —Ö–æ—Å—Ç–∏–Ω–≥ –¥–ª—è —Å–∞–π—Ç–∞, —Ö–æ—Å—Ç–∏–Ω–≥ –¥–ª—è —Å–∞–π—Ç–æ–≤, hosting, –ª—É—á—à–∏–π —Ö–æ—Å—Ç–∏–Ω–≥, –Ω–∞–¥–µ–∂–Ω—ã–π —Ö–æ—Å—Ç–∏–Ω–≥, —Ö–æ—Å—Ç–∏–Ω–≥ —Å–∞–π—Ç–∞, SSD —Ö–æ—Å—Ç–∏–Ω–≥, NVMe —Ö–æ—Å—Ç–∏–Ω–≥	–•–æ—Å—Ç–∏–Ω–≥ –°–ø—Ä–∏–Ω—Ç—Ö–æ—Å—Ç –Ω–∞ NVMe –¥–ª—è –Ω–∞—á–∏–Ω–∞—é—â–∏—Ö –∏ –¥–ª—è –ø–æ—Å–µ—â–∞–µ–º—ã—Ö —Å–∞–π—Ç–æ–≤. –î–æ–º–µ–Ω—ã, –ø–æ—á—Ç–∞, VDS. –û—Ç–∑—ã–≤—á–∏–≤–∞—è —Å–ª—É–∂–±–∞ –ø–æ–¥–¥–µ—Ä–∂–∫–∏.
–ê—Ä–µ–Ω–¥–∞ –∫—Ä–æ–≤–∞—Ç–µ–π –¥–ª—è –ª–µ–∂–∞—á–∏—Ö –±–æ–ª—å–Ω—ã—Ö –≤ –ö—Ä–∞—Å–Ω–æ–¥–∞—Ä–µ		–ú–µ–¥–∏—Ü–∏–Ω—Å–∫–∏–µ –∫—Ä–æ–≤–∞—Ç–∏ –≤ –ø—Ä–æ–∫–∞—Ç –≤ –ö—Ä–∞—Å–Ω–æ–¥–∞—Ä–µ —Å —Ñ—É–Ω–∫—Ü–∏—è–º–∏ –∫–∞—Ä–¥–∏–æ-–∫—Ä–µ—Å–ª–æ, –±–æ–∫–æ–≤–æ–µ –ø–µ—Ä–µ–≤–æ—Ä–∞—á–∏–≤–∞–Ω–∏–µ, —Ç—É–∞–ª–µ—Ç–Ω–æ–µ —É—Å—Ç—Ä–æ–π—Å—Ç–≤–æ —Å –º–µ—Ö–∞–Ω–∏—á–µ—Å–∫–∏–º –∏ —ç–ª–µ–∫—Ç—Ä–æ –ø—Ä–∏–≤–æ–¥–æ–º –æ—Ç 130 —Ä—É–±. –≤ –¥–µ–Ω—å 
–ú–æ–≥–∏–ª—ë–≤ –∏ –ú–æ–≥–∏–ª—ë–≤—Å–∫–∏–π —Ä–∞–π–æ–Ω ‚Äì –ì–æ—Ä–æ–¥—Å–∫–æ–π –∏–Ω—Ç–µ—Ä–Ω–µ—Ç-–ø–æ—Ä—Ç–∞–ª		–ì–æ—Ä–æ–¥—Å–∫–æ–π –∏–Ω—Ç–µ—Ä–Ω–µ—Ç –ø–æ—Ä—Ç–∞–ª –≥–æ—Ä–æ–¥–∞ –ú–æ–≥–∏–ª—ë–≤ –∏ –ú–æ–≥–∏–ª—ë–≤—Å–∫–æ–≥–æ —Ä–∞–π–æ–Ω–∞
HugeDomains.com - 01Ua.com is for sale (01 Ua)		
–°–∞–π—Ç –∑–Ω–∞–∫–æ–º—Å—Ç–≤ 01234.ru –±–µ–∑ —Ä–µ–≥–∏—Å—Ç—Ä–∞—Ü–∏–∏ –∏ –±–µ—Å–ø–ª–∞—Ç–Ω–æ, —Å–∞–π—Ç –ø—Ä–µ–¥–ª–∞–≥–∞–µ—Ç –±–µ—Å–ø–ª–∞—Ç–Ω—ã–µ –∑–Ω–∞–∫–æ–º—Å—Ç–≤–∞, –∞ —Ç–∞–∫–∂–µ —Å–µ—Ä—å–µ–∑–Ω—ã–µ –∑–Ω–∞–∫–æ–º—Å—Ç–≤–∞ –∏ –ø–æ –∏–Ω—Ç–µ—Ä–µ—Å–∞–º	–∑–Ω–∞–∫–æ–º—Å—Ç–≤–∞ —Å –º—É–∂—á–∏–Ω–∞–º–∏, –∑–Ω–∞–∫–æ–º—Å—Ç–≤–∞ –∏–Ω—Ç–µ—Ä–µ—Å—ã, –¥—Ä—É–∂–±–∞ —Å–∞–π—Ç –∑–Ω–∞–∫–æ–º—Å—Ç–≤, –±–µ—Å–ø–ª–∞—Ç–Ω—ã–µ –∑–Ω–∞–∫–æ–º—Å—Ç–≤–∞, –ø–æ–∏—Å–∫ –¥—Ä—É–∑–µ–π –æ–±—â–µ–Ω–∏–µ –±–µ—Å–ø–ª–∞—Ç–Ω–æ –¥—Ä—É–∑—å—è —Å–∞–π—Ç, –∑–Ω–∞–∫–æ–º—Å—Ç–≤–∞ –±–µ—Å–ø–ª–∞—Ç–Ω–æ, –∏–Ω—Ç–µ—Ä–Ω–µ—Ç –æ–±—â–µ–Ω–∏–µ —Ä–µ–∞–ª—å–Ω—ã–π —Å–∞–π—Ç –∑–Ω–∞–∫–æ–º—Å—Ç–≤–∞ –¥—Ä—É–≥, –∑–Ω–∞–∫–æ–º—Å—Ç–≤–∞ —Å –º—É–∂—á–∏–Ω–∞–º–∏,  –ø–æ–∑–Ω–∞–∫–æ–º–ª—é—Å—å	–°–∞–π—Ç  –∑–Ω–∞–∫–æ–º—Å—Ç–≤ 01234.ru –±–µ–∑ —Ä–µ–≥–∏—Å—Ç—Ä–∞—Ü–∏–∏ –∏ –±–µ—Å–ø–ª–∞—Ç–Ω–æ, —Å–∞–π—Ç –ø—Ä–µ–¥–ª–∞–≥–∞–µ—Ç –±–µ—Å–ø–ª–∞—Ç–Ω—ã–µ –∑–Ω–∞–∫–æ–º—Å—Ç–≤–∞, –∞ —Ç–∞–∫–∂–µ —Å–µ—Ä—å–µ–∑–Ω—ã–µ –∑–Ω–∞–∫–æ–º—Å—Ç–≤–∞  –∏ –ø–æ –∏–Ω—Ç–µ—Ä–µ—Å–∞–º
–ì—Ä–æ–¥–Ω–æ - —Å–∞–π—Ç 015.by | –ù–æ–≤–æ—Å—Ç–∏ –ì—Ä–æ–¥–Ω–æ, –°–ø—Ä–∞–≤–æ—á–Ω–∏–∫ –ø—Ä–µ–¥–ø—Ä–∏—è—Ç–∏–π, –ê—Ñ–∏—à–∞ –ì—Ä–æ–¥–Ω–æ, –æ–±—ä—è–≤–ª–µ–Ω–∏—è, —Ä–∞–±–æ—Ç–∞, –¥–æ—Å—É–≥	–≥—Ä–æ–¥–Ω–æ 015 –ø–æ–≥–æ–¥–∞ –∫–∞—Ä—Ç–∞ —Å–∞–π—Ç –≥–æ—Ä–æ–¥ —Ä–∞–±–æ—Ç–∞ –æ—Ñ–∏—Ü–∏–∞–ª—å–Ω—ã–π —Å–ø—Ä–∞–≤–æ—á–Ω–∏–∫ –ø—Ä–µ–¥–ø—Ä–∏—è—Ç–∏–π –Ω–æ–≤–æ—Å—Ç–∏ —Ä–∞—Å–ø–∏—Å–∞–Ω–∏–µ —Ç—Ä–∞–Ω—Å–ø–æ—Ä—Ç–∞ –∑–Ω–∞–∫–æ–º—Å—Ç–≤–∞ –≥–æ–ª–æ—Å –æ–±—ä—è–≤–ª–µ–Ω–∏—è	–°–∞–π—Ç –≥–æ—Ä–æ–¥–∞ –ì—Ä–æ–¥–Ω–æ 015.by –ó–¥–µ—Å—å –í—ã –Ω–∞–π–¥–µ—Ç–µ: –°–∞–º—ã–µ —Å–≤–µ–∂–∏–µ –∏ –ø–æ—Å–ª–µ–¥–Ω–∏–µ –ù–æ–≤–æ—Å—Ç–∏ –ì—Ä–æ–¥–Ω–æ, —Å–ø—Ä–∞–≤–æ—á–Ω–∏–∫ –ø—Ä–µ–¥–ø—Ä–∏—è—Ç–∏–π –ì—Ä–æ–¥–Ω–æ, –ê—Ñ–∏—à–∞ –ì—Ä–æ–¥–Ω–æ, —Ä–∞–±–æ—Ç–∞ –≤ –ì—Ä–æ–¥–Ω–æ, –∫–∞—Ä—Ç–∞ –ì—Ä–æ–¥–Ω–æ, –ø–æ–≥–æ–¥–∞ –≤ –ì—Ä–æ–¥–Ω–æ –Ω–∞ –Ω–µ–¥–µ–ª—é, –¥–æ—Å–∫–∞ –æ–±—ä—è–≤–ª–µ–Ω–∏–π, –ø–æ–∏—Å–∫ –Ω–µ–¥–≤–∏–∂–∏–º–æ—Å—Ç–∏ –≤ –ì—Ä–æ–¥–Ω–æ, —Ñ–æ—Ç–æ–æ—Ç—á–µ—Ç—ã –Ω–æ—á–Ω—ã—Ö –∫–ª—É–±–æ–≤ –∏ —Å–æ–±—ã—Ç–∏–π –≤ –ì—Ä–æ–¥–Ω–æ, —É–∑–Ω–∞–µ—Ç–µ –≤—Å–µ –º–∞—Ä—à—Ä—É—Ç—ã —Ç—Ä–∞–Ω—Å–ø–æ—Ä—Ç–∞ –ì—Ä–æ–¥–Ω–æ, –°–ø—Ä–∞–≤–æ—á–Ω–∞—è –ì—Ä–æ–¥–Ω–æ –∏ –º–Ω–æ–≥–æ–µ –¥—Ä—É–≥–æ–µ
–°–∞–π—Ç –õ—å–≤–æ–≤–∞ 032.ua - –≥–æ–ª–æ–≤–Ω—ñ –Ω–æ–≤–∏–Ω–∏ —ñ –ø–æ–¥—ñ—ó –º—ñ—Å—Ç–∞	—Å–∞–π—Ç –õ—å–≤—ñ–≤ 032.ua –Ω–æ–≤–∏–Ω–∏ –∞—Ñ—ñ—à–∞ –¥–æ–≤—ñ–¥–Ω–∏–∫ –ø—ñ–¥–ø—Ä–∏—î–º—Å—Ç–≤–æ –ø–æ–≥–æ–¥–∞ –¥–æ–∑–≤—ñ–ª–ª—è —Ñ–æ—Ç–æ–∑–≤—ñ—Ç –æ–≥–æ–ª–æ—à–µ–Ω–Ω—è –∫–∞—Ä—Ç–∞ –º–∞–≥–∞–∑–∏–Ω —à–æ–ø—ñ–Ω–≥ –Ω–µ—Ä—É—Ö–æ–º—ñ—Å—Ç—å —Ä–æ–±–æ—Ç–∞ –∞–≤—Ç–æ–±–∞–∑–∞—Ä –º–∞—Ä—à—Ä—É—Ç —Ç—Ä–∞–Ω—Å–ø–æ—Ä—Ç –¥–æ–≤—ñ–¥–∫–æ–≤–∞	–õ—å–≤—ñ–≤ - —Å–∞–π—Ç –º—ñ—Å—Ç–∞ —Ç–∞ –æ–±–ª–∞—Å—Ç—ñ. –ù–æ–≤–∏–Ω–∏, –î–æ–≤—ñ–¥–Ω–∏–∫ –ø—ñ–¥–ø—Ä–∏—î–º—Å—Ç–≤, –ê—Ñ—ñ—à–∞, –§–æ—Ç–æ–∑–≤—ñ—Ç–∏, –û–≥–æ–ª–æ—à–µ–Ω–Ω—è, –ö–∞—Ä—Ç–∞, –ú–∞—Ä—à—Ä—É—Ç–∏ —Ç—Ä–∞–Ω—Å–ø–æ—Ä—Ç—É - —Ü–µ —Ç–∞ —ñ–Ω—à–∞ –∫–æ—Ä–∏—Å–Ω–∞ —ñ–Ω—Ñ–æ—Ä–º–∞—Ü—ñ—è –Ω–∞ 032.ua
0372.ua - —Å–∞–π—Ç –º—ñ—Å—Ç–∞ –ß–µ—Ä–Ω—ñ–≤—Ü—ñ	–º—ñ—Å—Ç–æ –ß–µ—Ä–Ω—ñ–≤—Ü—ñ, 0372 —Å–∞–π—Ç –ß–µ—Ä–Ω—ñ–≤—Ü—ñ–≤, –º –ß–µ—Ä–Ω—ñ–≤—Ü—ñ —Å–∞–π—Ç, –Ω–æ–≤–∏–Ω–∏ –ß–µ—Ä–Ω—ñ–≤—Ü—ñ –æ–Ω–ª–∞–π–Ω, —Ä–æ–±–æ—Ç–∞ –≤ –ß–µ—Ä–Ω—ñ–≤—Ü—è—Ö, —Å–∞–π—Ç –º—ñ—Å—Ç–∞ –ß–µ—Ä–Ω—ñ–≤—Ü—ñ, –ß–µ—Ä–Ω—ñ–≤—Ü—ñ –æ–Ω–ª–∞–π–Ω, –¥–æ–≤—ñ–¥–Ω–∏–∫ –ø—ñ–¥–ø—Ä–∏—î–º—Å—Ç–≤ –ß–µ—Ä–Ω—ñ–≤—Ü—ñ–≤, —Ñ–æ—Ç–æ –º—ñ—Å—Ç–∞ –ß–µ—Ä–Ω—ñ–≤—Ü—ñ"	0372.ua - —Å–∞–π—Ç –º—ñ—Å—Ç–∞ –ß–µ—Ä–Ω—ñ–≤—Ü—ñ. –ù–∞ –Ω–∞—à–æ–º—É —Å–∞–π—Ç—ñ –≤–∏ –∑–Ω–∞–π–¥–µ—Ç–µ –Ω–∞–π—Å–≤—ñ–∂—ñ—à—ñ –Ω–æ–≤–∏–Ω–∏ –º—ñ—Å—Ç–∞, –∫–∞—Ä—Ç—É, —ñ–Ω—Ñ–æ—Ä–º–∞—Ü—ñ—é –ø—Ä–æ –ø–æ–≥–æ–¥—É, —Ä–æ–±–æ—Ç—É, –æ–≥–æ–ª–æ—à–µ–Ω–Ω—è, –∞—Ñ—ñ—à—É —Ç–∞ –ø–æ–≤–Ω–∏–π –¥–æ–≤—ñ–¥–Ω–∏–∫ –ø—ñ–¥–ø—Ä–∏—î–º—Å—Ç–≤ –º. –ß–µ—Ä–Ω—ñ–≤—Ü—ñ –æ–Ω–ª–∞–π–Ω.
–°–∞–π—Ç –•–º–µ–ª—å–Ω–∏—Ü—å–∫–æ–≥–æ 0382.ua - –≥–æ–ª–æ–≤–Ω—ñ –Ω–æ–≤–∏–Ω–∏ —ñ –ø–æ–¥—ñ—ó –º—ñ—Å—Ç–∞	—Å–∞–π—Ç –•–º–µ–ª—å–Ω–∏—Ü—å–∫–∏–π 0382.ua –Ω–æ–≤–∏–Ω–∏ –∞—Ñ—ñ—à–∞ –¥–æ–≤—ñ–¥–Ω–∏–∫ –ø—ñ–¥–ø—Ä–∏—î–º—Å—Ç–≤–æ –ø–æ–≥–æ–¥–∞ –¥–æ–∑–≤—ñ–ª–ª—è —Ñ–æ—Ç–æ–∑–≤—ñ—Ç –æ–≥–æ–ª–æ—à–µ–Ω–Ω—è –∫–∞—Ä—Ç–∞ –º–∞–≥–∞–∑–∏–Ω —à–æ–ø—ñ–Ω–≥ –Ω–µ—Ä—É—Ö–æ–º—ñ—Å—Ç—å —Ä–æ–±–æ—Ç–∞ –∞–≤—Ç–æ–±–∞–∑–∞—Ä –º–∞—Ä—à—Ä—É—Ç —Ç—Ä–∞–Ω—Å–ø–æ—Ä—Ç –¥–æ–≤—ñ–¥–∫–æ–≤–∞	–•–º–µ–ª—å–Ω–∏—Ü—å–∫–∏–π - —Å–∞–π—Ç –º—ñ—Å—Ç–∞ —Ç–∞ –æ–±–ª–∞—Å—Ç—ñ. –ù–æ–≤–∏–Ω–∏, –î–æ–≤—ñ–¥–Ω–∏–∫ –ø—ñ–¥–ø—Ä–∏—î–º—Å—Ç–≤, –ê—Ñ—ñ—à–∞, –§–æ—Ç–æ–∑–≤—ñ—Ç–∏, –û–≥–æ–ª–æ—à–µ–Ω–Ω—è, –ö–∞—Ä—Ç–∞, –ú–∞—Ä—à—Ä—É—Ç–∏ —Ç—Ä–∞–Ω—Å–ø–æ—Ä—Ç—É - —Ü–µ —Ç–∞ —ñ–Ω—à–∞ –∫–æ—Ä–∏—Å–Ω–∞ —ñ–Ω—Ñ–æ—Ä–º–∞—Ü—ñ—è –Ω–∞ 0382.ua
–ü–æ—Ä—Ç–∞–ª –æ –º–µ–¥–∏—Ü–∏–Ω–µ –∏ —Å–∫–æ—Ä–æ–π –ø–æ–º–æ—â–∏ - –ü–æ—Ä—Ç–∞–ª –æ —Å–∫–æ—Ä–æ–π –ø–æ–º–æ—â–∏ –∏ –º–µ–¥–∏—Ü–∏–Ω–µ		
–ê–π–±–æ–ª–∏—Ç. –†–µ–º–æ–Ω—Ç –∫–æ–º–ø—å—é—Ç–µ—Ä–æ–≤, –Ω–æ—É—Ç–±—É–∫–æ–≤, –ø–ª–∞–Ω—à–µ—Ç–æ–≤, —Ç–µ–ª–µ—Ñ–æ–Ω –≤ –ö–µ–º–µ—Ä–æ–≤–æ. ‚òé 333-250	–†–µ–º–æ–Ω—Ç –∫–æ–º–ø—å—é—Ç–µ—Ä–æ–≤, —Ä–µ–º–æ–Ω—Ç –Ω–æ—É—Ç–±—É–∫–æ–≤, —Ä–µ–º–æ–Ω—Ç –ø–ª–∞–Ω—à–µ—Ç–æ–≤, —Ä–µ–º–æ–Ω—Ç —Å–æ—Ç–æ–≤—ã—Ö —Ç–µ–ª–µ—Ñ–æ–Ω–æ–≤, –∫–æ–º–ø—å—é—Ç–µ—Ä–Ω–∞—è –ø–æ–º–æ—â—å, —É–¥–∞–ª–µ–Ω–∏–µ –≤–∏—Ä—É—Å–æ–≤, —É—Å—Ç–∞–Ω–æ–≤–∫–∞ Windows, –Ω–∞—Å—Ç—Ä–æ–π–∫–∞ –∫–æ–º–ø—å—é—Ç–µ—Ä–∞, —á–∏—Å—Ç–∫–∞ –Ω–æ—É—Ç–±—É–∫–∞	–ó–≤–æ–Ω–∏—Ç–µ –ø–æ —Ç–µ–ª. 333-250. –í—ã–µ–∑–∂–∞–µ–º –ø–æ –ö–µ–º–µ—Ä–æ–≤–æ —Å 9:00 –¥–æ 24:00. –î–∏–∞–≥–Ω–æ—Å—Ç–∏–∫–∞ –∏ –≤—ã–µ–∑–¥ - –±–µ—Å–ø–ª–∞—Ç–Ω–æ, –µ—Å–ª–∏ –ø—Ä–æ–≤–æ–¥–∏—Ç—Å—è –¥–∞–ª—å–Ω–µ–π—à–∏–π —Ä–µ–º–æ–Ω—Ç. –ì–∞—Ä–∞–Ω—Ç–∏—è –Ω–∞ —Ä–∞–±–æ—Ç—ã. –ö–æ–º–ø—å—é—Ç–µ—Ä–Ω–∞—è –ø–æ–º–æ—â—å, –∞ —Ç–∞–∫ –∂–µ —Ä–µ–º–æ–Ω—Ç –∫–æ–º–ø—å—é—Ç–µ—Ä–æ–≤, –Ω–æ—É—Ç–±—É–∫–æ–≤, –ø–ª–∞–Ω—à–µ—Ç–æ–≤
Ë®àÁÆó0123456789	Ë®àÁÆó Ë®àÁÆóÊ©ü ÁîüÁêÜÊúü ËÄóÈõª ÈõªË≤ª Ê±ΩËªäÊ≤πËÄó Ê©üËªäÊ≤πËÄó È≠öÁº∏ È≠öÁº∏Ë®àÁÆóÊ©ü ÊéíÂçµÊúü ÊúàÁ∂ì	‰ªãÁ¥πÁîüÊ¥ª‰∏≠Â§ßÂ§ßÂ∞èÂ∞èÁöÑË®àÁÆó,Á∑ö‰∏äË®àÁÆóÊ©ü,ÁßëÊäÄË®≠Ë®àÊñ∞Áü•
Comp-Master		
–°–∞–π—Ç –†—ñ–≤–Ω–µ 0362.ua - –≥–æ–ª–æ–≤–Ω—ñ –Ω–æ–≤–∏–Ω–∏ —ñ –ø–æ–¥—ñ—ó –º—ñ—Å—Ç–∞	—Å–∞–π—Ç –†—ñ–≤–Ω–µ 0362.ua –Ω–æ–≤–∏–Ω–∏ –∞—Ñ—ñ—à–∞ –¥–æ–≤—ñ–¥–Ω–∏–∫ –ø—ñ–¥–ø—Ä–∏—î–º—Å—Ç–≤–æ –ø–æ–≥–æ–¥–∞ –¥–æ–∑–≤—ñ–ª–ª—è —Ñ–æ—Ç–æ–∑–≤—ñ—Ç –æ–≥–æ–ª–æ—à–µ–Ω–Ω—è –∫–∞—Ä—Ç–∞ –º–∞–≥–∞–∑–∏–Ω —à–æ–ø—ñ–Ω–≥ –Ω–µ—Ä—É—Ö–æ–º—ñ—Å—Ç—å —Ä–æ–±–æ—Ç–∞ –∞–≤—Ç–æ–±–∞–∑–∞—Ä –º–∞—Ä—à—Ä—É—Ç —Ç—Ä–∞–Ω—Å–ø–æ—Ä—Ç –¥–æ–≤—ñ–¥–∫–æ–≤–∞	–†—ñ–≤–Ω–µ - —Å–∞–π—Ç –º—ñ—Å—Ç–∞ —Ç–∞ –æ–±–ª–∞—Å—Ç—ñ. –ù–æ–≤–∏–Ω–∏, –î–æ–≤—ñ–¥–Ω–∏–∫ –ø—ñ–¥–ø—Ä–∏—î–º—Å—Ç–≤, –ê—Ñ—ñ—à–∞, –§–æ—Ç–æ–∑–≤—ñ—Ç–∏, –û–≥–æ–ª–æ—à–µ–Ω–Ω—è, –ö–∞—Ä—Ç–∞, –ú–∞—Ä—à—Ä—É—Ç–∏ —Ç—Ä–∞–Ω—Å–ø–æ—Ä—Ç—É - —Ü–µ —Ç–∞ —ñ–Ω—à–∞ –∫–æ—Ä–∏—Å–Ω–∞ —ñ–Ω—Ñ–æ—Ä–º–∞—Ü—ñ—è –Ω–∞ 0362.ua
–°–∞–π—Ç –ß–µ—Ä–Ω–∏–≥–æ–≤–∞ 0462.ua - –ª–µ–Ω—Ç–∞ –Ω–æ–≤–æ—Å—Ç–µ–π –∏ –ø–æ—Å–ª–µ–¥–Ω–∏–µ —Å–æ–±—ã—Ç–∏—è –≤ –≥–æ—Ä–æ–¥–µ	–ß–µ—Ä–Ω–∏–≥–æ–≤, –°–∞–π—Ç –ß–µ—Ä–Ω–∏–≥–æ–≤–∞, –ª–µ–Ω—Ç–∞ –Ω–æ–≤–æ—Å—Ç–µ–π, —Å–æ–±—ã—Ç–∏—è, –¥–æ—Å—É–≥, —Ä–∞–±–æ—Ç–∞, –∞—Ñ–∏—à–∞, –æ–±—ä—è–≤–ª–µ–Ω–∏—è, –ø–æ–≥–æ–¥–∞, –∞–≤—Ç–æ–±–∞–∑–∞—Ä, –∫–∞—Ä—Ç–∞ –≥–æ—Ä–æ–¥–∞, 0462.ua	–ß–µ—Ä–Ω–∏–≥–æ–≤ - –°–∞–π—Ç –ß–µ—Ä–Ω–∏–≥–æ–≤–∞ –∏ –æ–±–ª–∞—Å—Ç–∏. –ù–æ–≤–æ—Å—Ç–∏, –∞—Ñ–∏—à–∞, –æ–±—ä—è–≤–ª–µ–Ω–∏—è, –∫–∞—Ä—Ç–∞ –≥–æ—Ä–æ–¥–∞, –∞–≤—Ç–æ–±–∞–∑–∞—Ä, –º–∞—Ä—à—Ä—É—Ç—ã —Ç—Ä–∞–Ω—Å–ø–æ—Ä—Ç–∞ - —ç—Ç–∞ –∏ –¥—Ä—É–≥–∞—è –ø–æ–ª–µ–∑–Ω–∞—è –∏–Ω—Ñ–æ—Ä–º–∞—Ü–∏—è –Ω–∞ 0462.ua.
chelexport.ru ‚Äî –û—Ä–∏–≥–∏–Ω–∞–ª—å–Ω–æ–µ –∂–µ–Ω—Å–∫–æ–µ —Å–æ–æ–±—â–µ—Å—Ç–≤–æ		
ÁÑ°ÁÇ∫ÁßëÊäÄ		
–°–∞–π—Ç –ß–µ—Ä–∫–∞—Å 0472.ua - –≥–æ–ª–æ–≤–Ω—ñ –Ω–æ–≤–∏–Ω–∏ —ñ –ø–æ–¥—ñ—ó –º—ñ—Å—Ç–∞	—Å–∞–π—Ç –ß–µ—Ä–∫–∞—Å–∏  0472.ua –Ω–æ–≤–∏–Ω–∏ –∞—Ñ—ñ—à–∞ –¥–æ–≤—ñ–¥–Ω–∏–∫ –ø—ñ–¥–ø—Ä–∏—î–º—Å—Ç–≤–æ –ø–æ–≥–æ–¥–∞ –¥–æ–∑–≤—ñ–ª–ª—è —Ñ–æ—Ç–æ–∑–≤—ñ—Ç –æ–≥–æ–ª–æ—à–µ–Ω–Ω—è –∫–∞—Ä—Ç–∞ –º–∞–≥–∞–∑–∏–Ω —à–æ–ø—ñ–Ω–≥ –Ω–µ—Ä—É—Ö–æ–º—ñ—Å—Ç—å —Ä–æ–±–æ—Ç–∞ –∞–≤—Ç–æ–±–∞–∑–∞—Ä –º–∞—Ä—à—Ä—É—Ç —Ç—Ä–∞–Ω—Å–ø–æ—Ä—Ç –¥–æ–≤—ñ–¥–∫–æ–≤–∞	–ß–µ—Ä–∫–∞—Å–∏  - —Å–∞–π—Ç –º—ñ—Å—Ç–∞ —Ç–∞ –æ–±–ª–∞—Å—Ç—ñ. –ù–æ–≤–∏–Ω–∏, –î–æ–≤—ñ–¥–Ω–∏–∫ –ø—ñ–¥–ø—Ä–∏—î–º—Å—Ç–≤, –ê—Ñ—ñ—à–∞, –§–æ—Ç–æ–∑–≤—ñ—Ç–∏, –û–≥–æ–ª–æ—à–µ–Ω–Ω—è, –ö–∞—Ä—Ç–∞, –ú–∞—Ä—à—Ä—É—Ç–∏ —Ç—Ä–∞–Ω—Å–ø–æ—Ä—Ç—É - —Ü–µ —Ç–∞ —ñ–Ω—à–∞ –∫–æ—Ä–∏—Å–Ω–∞ —ñ–Ω—Ñ–æ—Ä–º–∞—Ü—ñ—è –Ω–∞ 0472.ua
04stream.com streaming for all		
–°–∞–π—Ç –û–¥–µ—Å—Å—ã 048.ua - –ª–µ–Ω—Ç–∞ –Ω–æ–≤–æ—Å—Ç–µ–π –∏ –ø–æ—Å–ª–µ–¥–Ω–∏–µ —Å–æ–±—ã—Ç–∏—è –≤ –≥–æ—Ä–æ–¥–µ	–û–¥–µ—Å—Å–∞, –°–∞–π—Ç –û–¥–µ—Å—Å—ã, –ª–µ–Ω—Ç–∞ –Ω–æ–≤–æ—Å—Ç–µ–π, —Å–æ–±—ã—Ç–∏—è, –¥–æ—Å—É–≥, —Ä–∞–±–æ—Ç–∞, –∞—Ñ–∏—à–∞, –æ–±—ä—è–≤–ª–µ–Ω–∏—è, –ø–æ–≥–æ–¥–∞, –∞–≤—Ç–æ–±–∞–∑–∞—Ä, –∫–∞—Ä—Ç–∞ –≥–æ—Ä–æ–¥–∞, 048.ua	–û–¥–µ—Å—Å–∞ - –°–∞–π—Ç –û–¥–µ—Å—Å—ã –∏ –æ–±–ª–∞—Å—Ç–∏. –ù–æ–≤–æ—Å—Ç–∏, –∞—Ñ–∏—à–∞, –æ–±—ä—è–≤–ª–µ–Ω–∏—è, –∫–∞—Ä—Ç–∞ –≥–æ—Ä–æ–¥–∞, –∞–≤—Ç–æ–±–∞–∑–∞—Ä, –º–∞—Ä—à—Ä—É—Ç—ã —Ç—Ä–∞–Ω—Å–ø–æ—Ä—Ç–∞ - —ç—Ç–∞ –∏ –¥—Ä—É–≥–∞—è –ø–æ–ª–µ–∑–Ω–∞—è –∏–Ω—Ñ–æ—Ä–º–∞—Ü–∏—è –Ω–∞ 048.ua.
–ò—Å—Ç—ë–∫ —Å—Ä–æ–∫ —Ä–µ–≥–∏—Å—Ç—Ä–∞—Ü–∏–∏ –¥–æ–º–µ–Ω–∞		
–ì–ª–∞–≤–Ω–∞—è - –î–µ–ª–æ ‚Ññ0432		
–î–æ—Å—Ç—É–ø –∑–∞–∫—Ä—ã—Ç	–î–æ–º.—Ä—É —Å–∏—Ç–∏–¥–æ–º, citydom, –∏–Ω—Ç–µ—Ä–Ω–µ—Ç, –∏–Ω—Ç–µ—Ä–Ω–µ—Ç –¥–æ–º–æ–π, —Ç–µ–ª–µ–≤–∏–¥–µ–Ω–∏–µ, —Å–∫–æ—Ä–æ—Å—Ç–Ω–æ–π –∏–Ω—Ç–µ—Ä–Ω–µ—Ç, wifi, –∫–∞–±–µ–ª—å–Ω–æ–µ –¢–í, —Ü–∏—Ñ—Ä–æ–≤–æ–µ –¢–í, –¥–æ–º–∞—à–Ω–∏–π —Ç–µ–ª–µ—Ñ–æ–Ω, —Ç–µ–ª–µ—Ñ–æ–Ω–∏—è	–î–æ–º.ru - —É–Ω–∏–≤–µ—Ä—Å–∞–ª—å–Ω—ã–π –ø—Ä–æ–≤–∞–π–¥–µ—Ä —É—Å–ª—É–≥ –Ω–∞—Å—Ç–æ—è—â–∞—è —Ç–µ–ª–µ–∫–æ–º-—Ñ–∞–±—Ä–∏–∫–∞ —Ä–∞–∑–≤–ª–µ—á–µ–Ω–∏–π –¥–ª—è –¥–æ–º–∞: –ò–Ω—Ç–µ—Ä–Ω–µ—Ç, –ö–∞–±–µ–ª—å–Ω–æ–µ —Ç–µ–ª–µ–≤–∏–¥–µ–Ω–∏–µ, –¶–∏—Ñ—Ä–æ–≤–æ–µ —Ç–µ–ª–µ–≤–∏–¥–µ–Ω–∏–µ, –¢–µ–ª–µ—Ñ–æ–Ω, Wi-Fi
–°–∞–π—Ç –°—É–º 0542.ua - –≥–æ–ª–æ–≤–Ω—ñ –Ω–æ–≤–∏–Ω–∏ —ñ –ø–æ–¥—ñ—ó –º—ñ—Å—Ç–∞	—Å–∞–π—Ç –°—É–º–∏ 0542.ua –Ω–æ–≤–∏–Ω–∏ –∞—Ñ—ñ—à–∞ –¥–æ–≤—ñ–¥–Ω–∏–∫ –ø—ñ–¥–ø—Ä–∏—î–º—Å—Ç–≤–æ –ø–æ–≥–æ–¥–∞ –¥–æ–∑–≤—ñ–ª–ª—è —Ñ–æ—Ç–æ–∑–≤—ñ—Ç –æ–≥–æ–ª–æ—à–µ–Ω–Ω—è –∫–∞—Ä—Ç–∞ –º–∞–≥–∞–∑–∏–Ω —à–æ–ø—ñ–Ω–≥ –Ω–µ—Ä—É—Ö–æ–º—ñ—Å—Ç—å —Ä–æ–±–æ—Ç–∞ –∞–≤—Ç–æ–±–∞–∑–∞—Ä –º–∞—Ä—à—Ä—É—Ç —Ç—Ä–∞–Ω—Å–ø–æ—Ä—Ç –¥–æ–≤—ñ–¥–∫–æ–≤–∞	–°—É–º–∏ - —Å–∞–π—Ç –º—ñ—Å—Ç–∞ —Ç–∞ –æ–±–ª–∞—Å—Ç—ñ. –ù–æ–≤–∏–Ω–∏, –î–æ–≤—ñ–¥–Ω–∏–∫ –ø—ñ–¥–ø—Ä–∏—î–º—Å—Ç–≤, –ê—Ñ—ñ—à–∞, –§–æ—Ç–æ–∑–≤—ñ—Ç–∏, –û–≥–æ–ª–æ—à–µ–Ω–Ω—è, –ö–∞—Ä—Ç–∞, –ú–∞—Ä—à—Ä—É—Ç–∏ —Ç—Ä–∞–Ω—Å–ø–æ—Ä—Ç—É - —Ü–µ —Ç–∞ —ñ–Ω—à–∞ –∫–æ—Ä–∏—Å–Ω–∞ —ñ–Ω—Ñ–æ—Ä–º–∞—Ü—ñ—è –Ω–∞ 0542.ua
–°–∞–π—Ç –ö—Ä–æ–ø–∏–≤–Ω–∏—Ü—å–∫–æ–≥–æ 0522.ua - –≥–æ–ª–æ–≤–Ω—ñ –Ω–æ–≤–∏–Ω–∏ —ñ –ø–æ–¥—ñ—ó –º—ñ—Å—Ç–∞	—Å–∞–π—Ç –ö—Ä–æ–ø–∏–≤–Ω–∏—Ü—å–∫–∏–π 0522.ua –Ω–æ–≤–∏–Ω–∏ –∞—Ñ—ñ—à–∞ –¥–æ–≤—ñ–¥–Ω–∏–∫ –ø—ñ–¥–ø—Ä–∏—î–º—Å—Ç–≤–æ –ø–æ–≥–æ–¥–∞ –¥–æ–∑–≤—ñ–ª–ª—è —Ñ–æ—Ç–æ–∑–≤—ñ—Ç –æ–≥–æ–ª–æ—à–µ–Ω–Ω—è –∫–∞—Ä—Ç–∞ –º–∞–≥–∞–∑–∏–Ω —à–æ–ø—ñ–Ω–≥ –Ω–µ—Ä—É—Ö–æ–º—ñ—Å—Ç—å —Ä–æ–±–æ—Ç–∞ –∞–≤—Ç–æ–±–∞–∑–∞—Ä –º–∞—Ä—à—Ä—É—Ç —Ç—Ä–∞–Ω—Å–ø–æ—Ä—Ç –¥–æ–≤—ñ–¥–∫–æ–≤–∞	–ö—Ä–æ–ø–∏–≤–Ω–∏—Ü—å–∫–∏–π - —Å–∞–π—Ç –º—ñ—Å—Ç–∞ —Ç–∞ –æ–±–ª–∞—Å—Ç—ñ. –ù–æ–≤–∏–Ω–∏, –î–æ–≤—ñ–¥–Ω–∏–∫ –ø—ñ–¥–ø—Ä–∏—î–º—Å—Ç–≤, –ê—Ñ—ñ—à–∞, –§–æ—Ç–æ–∑–≤—ñ—Ç–∏, –û–≥–æ–ª–æ—à–µ–Ω–Ω—è, –ö–∞—Ä—Ç–∞, –ú–∞—Ä—à—Ä—É—Ç–∏ —Ç—Ä–∞–Ω—Å–ø–æ—Ä—Ç—É - —Ü–µ —Ç–∞ —ñ–Ω—à–∞ –∫–æ—Ä–∏—Å–Ω–∞ —ñ–Ω—Ñ–æ—Ä–º–∞—Ü—ñ—è –Ω–∞ 0522.ua
–°–∞–π—Ç –î–Ω–µ–ø—Ä–∞ 056.ua - –ª–µ–Ω—Ç–∞ –Ω–æ–≤–æ—Å—Ç–µ–π –∏ –ø–æ—Å–ª–µ–¥–Ω–∏–µ —Å–æ–±—ã—Ç–∏—è –≤ –≥–æ—Ä–æ–¥–µ	–î–Ω–µ–ø—Ä, –°–∞–π—Ç –î–Ω–µ–ø—Ä–∞, –ª–µ–Ω—Ç–∞ –Ω–æ–≤–æ—Å—Ç–µ–π, —Å–æ–±—ã—Ç–∏—è, –¥–æ—Å—É–≥, —Ä–∞–±–æ—Ç–∞, –∞—Ñ–∏—à–∞, –æ–±—ä—è–≤–ª–µ–Ω–∏—è, –ø–æ–≥–æ–¥–∞, –∞–≤—Ç–æ–±–∞–∑–∞—Ä, –∫–∞—Ä—Ç–∞ –≥–æ—Ä–æ–¥–∞, 056.ua	–î–Ω–µ–ø—Ä - –°–∞–π—Ç –î–Ω–µ–ø—Ä–∞ –∏ –æ–±–ª–∞—Å—Ç–∏. –ù–æ–≤–æ—Å—Ç–∏, –∞—Ñ–∏—à–∞, –æ–±—ä—è–≤–ª–µ–Ω–∏—è, –∫–∞—Ä—Ç–∞ –≥–æ—Ä–æ–¥–∞, –∞–≤—Ç–æ–±–∞–∑–∞—Ä, –º–∞—Ä—à—Ä—É—Ç—ã —Ç—Ä–∞–Ω—Å–ø–æ—Ä—Ç–∞ - —ç—Ç–∞ –∏ –¥—Ä—É–≥–∞—è –ø–æ–ª–µ–∑–Ω–∞—è –∏–Ω—Ñ–æ—Ä–º–∞—Ü–∏—è –Ω–∞ 056.ua.
0430ÁΩëÁ´ôÂ∫ì - ‰∏≠ÊñáÁΩëÁ´ôÂõΩÈôÖÂåñ„ÄÅ‰∏∞ÂØåÂÆûÁî®ÁöÑÁΩëÁ´ôÁü•ËØÜ‰∏éÊÇ®ÂàÜ‰∫´	0430ÁΩëÁ´ôÂ∫ì,ÂÖçË¥πÁΩëÁ´ôÊî∂ÂΩï,0430ÁΩëÁ´ôÁõÆÂΩï,ÁΩëÂùÄÊî∂ÂΩï,ÂàÜÁ±ªÁõÆÂΩï,ÁõÆÂΩïÁΩëÁ´ô	0430ÁΩëÁ´ôÂ∫ì(0430.com)ÂÖçË¥πÊî∂ÂΩï‰∏éÂàÜ‰∫´ÂêÑÁ±ªÊ≠£ËßÑÁΩëÁ´ô„ÄÇÁΩëÁ´ôÂÜÖÂÆπË¶ÜÁõñÂÖ®ÁêÉÂ§ö‰∏™ÂõΩÂÆ∂‰∏éÂú∞Âå∫ÔºåÂåÖÂê´Á´ôÈïø„ÄÅËÆæËÆ°„ÄÅÁæéÈ£ü„ÄÅÊóÖÊ∏∏„ÄÅÊñáÂåñ„ÄÅÈü≥‰πê„ÄÅÁßªÂä®‰∫íËÅîÁΩëÁ≠âÁ±ªÂà´ÁöÑ‰ºòÁßÄÁΩëÁ´ôËµÑÊ∫ê„ÄÇ
–°–∞–π—Ç –•–∞—Ä—å–∫–æ–≤–∞ 057.ua - –ª–µ–Ω—Ç–∞ –Ω–æ–≤–æ—Å—Ç–µ–π –∏ –ø–æ—Å–ª–µ–¥–Ω–∏–µ —Å–æ–±—ã—Ç–∏—è –≤ –≥–æ—Ä–æ–¥–µ	–•–∞—Ä—å–∫–æ–≤, –°–∞–π—Ç –•–∞—Ä—å–∫–æ–≤–∞, –ª–µ–Ω—Ç–∞ –Ω–æ–≤–æ—Å—Ç–µ–π, —Å–æ–±—ã—Ç–∏—è, –¥–æ—Å—É–≥, —Ä–∞–±–æ—Ç–∞, –∞—Ñ–∏—à–∞, –æ–±—ä—è–≤–ª–µ–Ω–∏—è, –ø–æ–≥–æ–¥–∞, –∞–≤—Ç–æ–±–∞–∑–∞—Ä, –∫–∞—Ä—Ç–∞ –≥–æ—Ä–æ–¥–∞, 057.ua	–•–∞—Ä—å–∫–æ–≤ - –°–∞–π—Ç –•–∞—Ä—å–∫–æ–≤–∞ –∏ –æ–±–ª–∞—Å—Ç–∏. –ù–æ–≤–æ—Å—Ç–∏, –∞—Ñ–∏—à–∞, –æ–±—ä—è–≤–ª–µ–Ω–∏—è, –∫–∞—Ä—Ç–∞ –≥–æ—Ä–æ–¥–∞, –∞–≤—Ç–æ–±–∞–∑–∞—Ä, –º–∞—Ä—à—Ä—É—Ç—ã —Ç—Ä–∞–Ω—Å–ø–æ—Ä—Ç–∞ - —ç—Ç–∞ –∏ –¥—Ä—É–≥–∞—è –ø–æ–ª–µ–∑–Ω–∞—è –∏–Ω—Ñ–æ—Ä–º–∞—Ü–∏—è –Ω–∞ 057.ua.
–°–∞–π—Ç –ó–∞–ø–æ—Ä–æ–∂—å—è 061.ua - –ª–µ–Ω—Ç–∞ –Ω–æ–≤–æ—Å—Ç–µ–π –∏ –ø–æ—Å–ª–µ–¥–Ω–∏–µ —Å–æ–±—ã—Ç–∏—è –≤ –≥–æ—Ä–æ–¥–µ	–ó–∞–ø–æ—Ä–æ–∂—å–µ, –°–∞–π—Ç –ó–∞–ø–æ—Ä–æ–∂—å—è, –ª–µ–Ω—Ç–∞ –Ω–æ–≤–æ—Å—Ç–µ–π, —Å–æ–±—ã—Ç–∏—è, –¥–æ—Å—É–≥, —Ä–∞–±–æ—Ç–∞, –∞—Ñ–∏—à–∞, –æ–±—ä—è–≤–ª–µ–Ω–∏—è, –ø–æ–≥–æ–¥–∞, –∞–≤—Ç–æ–±–∞–∑–∞—Ä, –∫–∞—Ä—Ç–∞ –≥–æ—Ä–æ–¥–∞, 061.ua	–ó–∞–ø–æ—Ä–æ–∂—å–µ - –°–∞–π—Ç –ó–∞–ø–æ—Ä–æ–∂—å—è –∏ –æ–±–ª–∞—Å—Ç–∏. –ù–æ–≤–æ—Å—Ç–∏, –∞—Ñ–∏—à–∞, –æ–±—ä—è–≤–ª–µ–Ω–∏—è, –∫–∞—Ä—Ç–∞ –≥–æ—Ä–æ–¥–∞, –∞–≤—Ç–æ–±–∞–∑–∞—Ä, –º–∞—Ä—à—Ä—É—Ç—ã —Ç—Ä–∞–Ω—Å–ø–æ—Ä—Ç–∞ - —ç—Ç–∞ –∏ –¥—Ä—É–≥–∞—è –ø–æ–ª–µ–∑–Ω–∞—è –∏–Ω—Ñ–æ—Ä–º–∞—Ü–∏—è –Ω–∞ 061.ua.
		
–°–∞–π—Ç –°–∏–º—Ñ–µ—Ä–æ–ø–æ–ª—è 3652.ru - –ª–µ–Ω—Ç–∞ –Ω–æ–≤–æ—Å—Ç–µ–π –∏ –ø–æ—Å–ª–µ–¥–Ω–∏–µ —Å–æ–±—ã—Ç–∏—è –≤ –≥–æ—Ä–æ–¥–µ	–°–∏–º—Ñ–µ—Ä–æ–ø–æ–ª—å, –°–∞–π—Ç –°–∏–º—Ñ–µ—Ä–æ–ø–æ–ª—è, –ª–µ–Ω—Ç–∞ –Ω–æ–≤–æ—Å—Ç–µ–π, —Å–æ–±—ã—Ç–∏—è, –¥–æ—Å—É–≥, —Ä–∞–±–æ—Ç–∞, –∞—Ñ–∏—à–∞, –æ–±—ä—è–≤–ª–µ–Ω–∏—è, –ø–æ–≥–æ–¥–∞, –∞–≤—Ç–æ–±–∞–∑–∞—Ä, –∫–∞—Ä—Ç–∞ –≥–æ—Ä–æ–¥–∞, 3652.ru	–°–∏–º—Ñ–µ—Ä–æ–ø–æ–ª—å - –°–∞–π—Ç –°–∏–º—Ñ–µ—Ä–æ–ø–æ–ª—è –∏ –æ–±–ª–∞—Å—Ç–∏. –ù–æ–≤–æ—Å—Ç–∏, –∞—Ñ–∏—à–∞, –æ–±—ä—è–≤–ª–µ–Ω–∏—è, –∫–∞—Ä—Ç–∞ –≥–æ—Ä–æ–¥–∞, –∞–≤—Ç–æ–±–∞–∑–∞—Ä, –º–∞—Ä—à—Ä—É—Ç—ã —Ç—Ä–∞–Ω—Å–ø–æ—Ä—Ç–∞ - —ç—Ç–∞ –∏ –¥—Ä—É–≥–∞—è –ø–æ–ª–µ–∑–Ω–∞—è –∏–Ω—Ñ–æ—Ä–º–∞—Ü–∏—è –Ω–∞ 3652.ru.
0666.info		
081.pl		
08420.com		
Free Horoscopes & Astrology | 0800-horoscope.com	horoscopes, forecasts, daily, weekly, monthly, yearly, astrology, birth chart, compatibility	Horoscopes and astrology information, birth charts, love analysis and more. Read your free daily zodiac forecast every morning. Online since 1998.
SMS priania a blaho≈æelania na r√¥zne pr√≠le≈æitosti : SMS.090x.sk		
Á¶èÂ±ãÁΩë_Ë£Ö‰øÆÁΩë_Ë£Ö‰øÆÊïàÊûúÂõæÁâá_Ë£Ö‰øÆÂª∫ÊùêÂõ¢Ë¥≠_ÂÆ∂Â±ÖË£ÖÈ•∞Ë£ÖÊΩ¢_ÂÆ∂Â∫≠Ë£Ö‰øÆËµÑËÆØÁΩë		
–°–æ–∑–¥–∞—Ç—å –±–µ—Å–ø–ª–∞—Ç–Ω—ã–π —Ñ–æ—Ä—É–º –Ω–∞ MyBB		–ü—Ä–æ—Å—Ç–æ–π, –±—ã—Å—Ç—Ä—ã–π –∏ –Ω–∞–¥–µ–∂–Ω—ã–π —Å–µ—Ä–≤–∏—Å –¥–ª—è —Å–æ–∑–¥–∞–Ω–∏—è —Ñ–æ—Ä—É–º–∞. –ë–æ–ª–µ–µ 500 000 —Ñ–æ—Ä—É–º–æ–≤.
–°–µ—Ä–≤–∏—Å 09 | 09service.ru		
		
Web 2.0 scientific calculator	calculator, web calculator, web2.0, online, calculator, calc, tool, scientific calculator, math	Free Online Scientific Notation Calculator. Solve advanced problems in Physics, Mathematics and Engineering. Math Expression Renderer, Plots, Unit Converter, Equation Solver, Complex Numbers, Calculation History.
Web 2.0 calculadora cient√≠fica	web 2.0, en l√≠nea, calculadora, herramienta calc	Calculadora en l√≠nea gratis notaci√≥n cient√≠fica. Resolver problemas avanzados en F√≠sica, Matem√°ticas e Ingenier√≠a.
Free Web Hosting - PHP, MySQL, FTP, Email		
0Catch.com - free and affordable hosting plans for business and personal web sites including CGI and FrontPage Support	free web hosting free web space web site hosting professional hosting paid cheap email
e-mail domain hosting	0catch.com offers FREE Web Hosting and Cheap business web hosting on reliable
servers.  We also have a highly profitable reseller web hosting program.  Get your FREE web space today.
Free Web Hosting - PHP, MySQL, FTP, Email		
		
0HOSTING | –ü–ª–∞—Ç–Ω—ã–π —Ö–æ—Å—Ç–∏–Ω–≥ —Å PHP, MySQL	–ü–ª–∞—Ç–Ω—ã–π, —Ö–æ—Å—Ç–∏–Ω–≥, —Å–∞–π—Ç–æ–≤, –ª—É—á—à–∏–π, –ø—Ä–æ—Ñ–µ—Å—Å–∏–æ–Ω–∞–ª—å–Ω—ã–π, —Ü–µ–Ω–∞-–∫–∞—á–µ—Å—Ç–≤–æ, php, mysql, perl, python, –≤–∏—Ä—Ç—É–∞–ª—å–Ω—ã–π, –≤–µ–±-—Ö–æ—Å—Ç–∏–Ω–≥, —Å–∞–π—Ç–æ–≤, —Å–æ–∑–¥–∞—Ç—å, —Å–∞–π—Ç, –±–µ—Å–ø–ª–∞—Ç–Ω—ã–π, –¥–æ–º–µ–Ω, hosting	–ü–ª–∞—Ç–Ω—ã–π —Ö–æ—Å—Ç–∏–Ω–≥ —Å–∞–π—Ç–æ–≤ —Å –ø–æ–¥–¥–µ—Ä–∂–∫–æ–π PHP –∏ MySQL, Python, Perl –∏ –º–Ω–æ–∂–µ—Å—Ç–≤–æ–º –¥—Ä—É–≥–∏—Ö —Ñ—É–Ω–∫—Ü–∏–π. –õ—É—á—à–∏–π –≤ —Å–æ–æ—Ç–Ω–æ—à–µ–Ω–∏–∏ —Ü–µ–Ω–∞-–∫–∞—á–µ—Å—Ç–≤–æ
09REG		
		
WARGAMlNG.NET - –ü—Ä–µ–º–∏—É–º –º–∞–≥–∞–∑–∏–Ω World of Tanks	—Ç–∞–Ω–∫–∏ wot, –ø—Ä–µ–º–∏—É–º —Ç–∞–Ω–∫, –º–∞–≥–∞–∑–∏–Ω wargaming, –ø—Ä–µ–º–∏—É–º –º–∞–≥–∞–∑–∏–Ω wargaming, –ø—Ä–µ–º –º–∞–≥–∞–∑–∏–Ω wargaming, wot –∫—É–ø–∏—Ç—å —Ç–∞–Ω–∫, –æ—Ñ–∏—Ü–∏–∞–ª—å–Ω—ã–π –º–∞–≥–∞–∑–∏–Ω wot, wot –ø—Ä–µ–º —Ç–∞–Ω–∫–∏, –ø—Ä–µ–º–∏—É–º –º–∞–≥–∞–∑–∏–Ω —Ç–∞–Ω–∫–∏, –∫—É–ø–∏—Ç—å –ø—Ä–µ–º–∏—É–º —Ç–∞–Ω–∫, –≤–æ—Ä–ª–¥ —Ç–∞–Ω–∫ –ø—Ä–µ–º–∏—É–º —Ç–∞–Ω–∫–∏, –≤–æ—Ä–ª–¥ –æ—Ñ —Ç–∞–Ω–∫ –ø—Ä–µ–º–∏—É–º, –ø—Ä–µ–º–∏—É–º —Ç	–ü—Ä–µ–º–∏—É–º –º–∞–≥–∞–∑–∏–Ω World of Tanks. –£ –Ω–∞—Å –º–æ–∂–Ω–æ –∫—É–ø–∏—Ç—å –ø—Ä–µ–º–∏—É–º —Ç–∞–Ω–∫, –∫—É–ø–∏—Ç—å –∑–æ–ª–æ—Ç–æ Wargaming, –∫—É–ø–∏—Ç—å –ø—Ä–µ–º–∏—É–º –∞–∫–∫–∞—É–Ω—Ç –ø–æ —Å–∞–º—ã–º –Ω–∏–∑–∫–∏–º —Ü–µ–Ω–∞–º —Å –≥–∞—Ä–∞–Ω—Ç–∏–µ–π
		
–ò–Ω—Ñ–æ—Ä–º–∞—Ü–∏—è		
		
Â∞äÈæô‰∫∫ÁîüÂ∞±ÊòØÊêè | AGÂèëË¥¢ÁΩë	Â∞äÈæô‰∫∫ÁîüÂ∞±ÊòØÊêè	È°∂Á∫ßÂØºËà™ÁΩëÁ´ôAGÊö¥ÂØåÁΩë„Äêagbaofu.com„ÄëÔºåÊúÄÊñ∞‰ºòÊÉ†Âø´ÈÄüÊü•ÁúãÔºåAGÂÖ´Â§ßÂìÅÁâå‰ªª‰Ω†ÈÄâÊã©„ÄêÁôæ‰∏áÁßíÊèê„ÄëÔºåÊö¥ÂØåÂ∞±‰∏äAGÊö¥ÂØåÁΩëÔºåÂÆâÂÖ®Ê≠£ËßÑÊúâ‰øùÈöúÔºåÂ§ßÂìÅÁâåÂÄºÂæó‰ø°ËµñÔºÅÊ¨¢ËøéËÆøÈóÆÔºÅÔºÅÔºÅ
Web 2.0 Taschenrechner	Taschenrechner, Rechner, Web Rechner, Wissenschaftlicher Taschenrechner, Onlinerechner, Online Taschenrechner, Web 2.0, Mathematik	Der wissenschaftliche Taschenrechner im Internet. Ideal zum L√∂sen von Hausaufgaben aus den Gebieten: Mathematik, Physik und Technik. Mit Vektor/Matrixrechner, Gleichungsl√∂ser, komplexen Zahlen und Einheitenumrechnung.
IIS Windows Server		
Custom Search Engine		Custom Google Search. Fast Search.
Free Porn - 0TUB.com		hot free porn tube, indian xvideos xxx porno, xxx jav best free 3gp videos, young teen hard tube movies, xxx mobile, red tube xxx mature videos, 3gp xhamster fresh xxx clips.
		
		
0xff		
0usa.com		
ÿßŸÑÿπŸÖŸÑÿßŸÇ ŸÑÿ±ŸÅÿπ Ÿà ÿ™ÿ≠ŸÖŸäŸÑ ÿßŸÑÿµŸàÿ±	ŸÖÿ±ŸÉÿ≤ ÿßŸÑÿπŸÖŸÑÿßŸÇ,ÿßŸÑÿπŸÖŸÑÿßŸÇ ŸÑÿ±ŸÅÿπ ÿßŸÑÿµŸàÿ±,ŸÖÿ±ŸÉÿ≤ ÿ™ÿ≠ŸÖŸäŸÑ ÿßŸÑÿπŸÖŸÑÿßŸÇ,ÿµŸàÿ±,ÿ™ÿ≠ŸÖŸäŸÑ ÿµŸàÿ±,ÿ®ÿ±ŸÜÿßŸÖÿ¨ ÿ™ÿ≠ŸÖŸäŸÑ,ÿ®ÿ±ŸÜÿßŸÖÿ¨ ÿ™ÿ≠ŸÖŸäŸÑ ÿµŸàÿ±,ŸÖÿ±ŸÉÿ≤ ÿ™ÿ≠ŸÖŸäŸÑ ÿµŸàÿ±,ŸÖÿ±ŸÉÿ≤ ÿ™ÿ≠ŸÖŸäŸÑ,ÿ™ÿ≠ŸÖŸäŸÑ ÿßŸÑÿµŸàÿ±,ŸÖŸàŸÇÿπ ÿ™ÿ≠ŸÖŸäŸÑ,ŸÖŸàŸÇÿπ ÿ™ÿ≠ŸÖŸäŸÑ ÿµŸàÿ±,ÿ±ŸÅÿπ ÿµŸàÿ±,ÿ±ŸÅÿπ ÿßŸÑÿµŸàÿ±,ŸÖÿ±ŸÉÿ≤ ÿ±ŸÅÿπ ÿµŸàÿ±,ŸÖÿ±ŸÉÿ≤ ÿ±ŸÅÿπ,ŸÖŸàŸÇÿπ ÿ±ŸÅÿπ,ŸÖŸàŸÇÿπ ÿ±ŸÅÿπ ÿµŸàÿ±,ŸÖÿ±ŸÉÿ≤ ÿ±ŸÅÿπ ÿßŸÑÿµŸàÿ±,ŸÖŸàŸÇÿπ ÿ±ŸÅÿπ ÿßŸÑÿµŸàÿ±,ÿ®ÿ±ŸÜÿßŸÖÿ¨ ÿ±ŸÅÿπ ÿµŸàÿ±	ŸÖÿπ ÿßŸÑÿπŸÖŸÑÿßŸÇ ÿ™ÿ∂ŸÖŸÜ ÿ≠ŸÖÿßŸäÿ© ÿÆÿµŸàÿµŸäÿ© ÿµŸàÿ±ŸÉ Ÿà ÿßÿ≥ÿ™ŸÖÿ±ÿßÿ±Ÿäÿ© ÿßÿ≥ÿ™ÿ∂ÿßŸÅÿ™Ÿáÿß ŸÑŸÖÿØÿ© ÿ´ŸÑÿßÿ´ ÿ≥ŸÜŸàÿßÿ™ ŸÅÿπŸÑŸäÿßŸã Ÿà ÿ®ÿ¥ŸÉŸÑ ŸÖÿ¨ÿßŸÜŸä
10,000 Boat Names, an SB Owners site		
1000 –±–∞–Ω–∫–æ–≤.—Ä—É - –∫—Ä–µ–¥–∏—Ç—ã, –≤–∫–ª–∞–¥—ã –∏ –∫—É—Ä—Å—ã –≤–∞–ª—é—Ç –≤ –±–∞–Ω–∫–∞—Ö –†–æ—Å—Å–∏–∏; —Å—Ä–∞–≤–Ω–∏—Ç–µ —É—Å–ª–æ–≤–∏—è –∏ –Ω–∞–π–¥–∏—Ç–µ –±–ª–∏–∂–∞–π—à–∏–π –æ—Ñ–∏—Å –∏–ª–∏ –±–∞–Ω–∫–æ–º–∞—Ç.		
–û–±–æ–∏ –¥–ª—è —Ä–∞–±–æ—á–µ–≥–æ —Å—Ç–æ–ª–∞ 1000e.ru –¢–û–ü. –ö—Ä–∞—Å–∏–≤—ã–µ –æ–±–æ–∏ –¥–ª—è —Ä–∞–±–æ—á–µ–≥–æ —Å—Ç–æ–ª–∞ —Å–∫–∞—á–∞—Ç—å –±–µ—Å–ø–ª–∞—Ç–Ω–æ - –ö–∞—Ä—Ç–∏–Ω–∫–∏, –∑–∞—Å—Ç–∞–≤–∫–∏, —Ñ–æ—Ç–æ–≥—Ä–∞—Ñ–∏–∏ –Ω–∞ —Ä–∞–±–æ—á–∏–π —Å—Ç–æ–ª. Wallpaper, desktop wallpapers - –û–±–æ–∏ –¥–ª—è —Ä–∞–±–æ—á–µ–≥–æ —Å—Ç–æ–ª–∞	–∫—Ä–∞—Å–∏–≤—ã–µ, –Ω–æ–≤—ã–µ, –æ–±–æ–∏, –¥–ª—è, —Ä–∞–±–æ—á–µ–≥–æ, —Å—Ç–æ–ª–∞, –∫–∞—Ä—Ç–∏–Ω–∫–∏, —Ñ–æ—Ç–æ–≥—Ä–∞—Ñ–∏–∏, –∑–∞—Å—Ç–∞–≤–∫–∏, –Ω–∞ —Ä–∞–±–æ—á–∏–π —Å—Ç–æ–ª, —Å–∫–∞—á–∞—Ç—å –±–µ—Å–ø–ª–∞—Ç–Ω–æ, –∞–Ω–∏–º–µ, –ø—Ä–æ –ª—é–±–æ–≤—å, –æ –ª—é–±–≤–∏, –¥–ª—è –∫–æ–º–ø—å—é—Ç–µ—Ä–∞, –¥–µ–≤—É—à–µ–∫, –º—É–∂—á–∏–Ω, –ø–∞—Ä–Ω–µ–π, –∂–µ–Ω—â–∏–Ω, –¥–µ—Ç–µ–π, –∂–∏–≤–æ—Ç–Ω—ã—Ö, –ø—Ä–∏—Ä–æ–¥—ã, –ø—Ä–∏—Ä–æ–¥–∞, –º–æ–¥–µ–ª–µ–π, —Ü–≤–µ—Ç–æ–≤, –ª—é–¥–µ–π, —Å –¥–µ–≤—É—à–∫–∞–º–∏, –∞–±—Å—Ç—Ä–∞–∫—Ü–∏—è, –≥—Ä–∞—Ñ–∏–∫–∞, –∞–≤—Ç–æ–º–æ–±–∏–ª–∏, –∞—Ä—Ö–∏—Ç–µ–∫—Ç—É—Ä–∞, –≥–æ—Ä–æ–¥–∞, –∑–Ω–∞–º–µ–Ω–∏—Ç–æ—Å—Ç–µ–π, –∫–æ—Å–º–æ—Å, –Ω–∞—Å–µ–∫–æ–º—ã–µ, –Ω–æ–≤–æ–≥–æ–¥–Ω–∏–µ, –ø–æ–¥–≤–æ–¥–Ω—ã–π –º–∏—Ä, –ø—Ä–∞–∑–¥–Ω–∏–∫–∏, –ø–µ–π–∑–∞–∂–∏, –ø—Ä–∏–∫–æ–ª—å–Ω—ã–µ, —Å–∞–º–æ–ª–µ—Ç—ã, —Å–ø–æ—Ä—Ç, —Å–æ–±–∞–∫–∏, —Ñ—ç–Ω—Ç–µ–∑–∏, —Ö–µ–Ω—Ç–∞–π, —à–∏—Ä–æ–∫–æ—Ñ–æ—Ä–º–∞—Ç–Ω—ã–µ, –Ω–∞ –∫–æ–º–ø—å—é—Ç–µ—Ä, –∏–≥—Ä—ã, —Ñ—É—Ç–±–æ–ª, wallpaper, desktop wallpapers 	–ö—Ä–∞—Å–∏–≤—ã–µ –æ–±–æ–∏ –Ω–∞ —Ä–∞–±–æ—á–∏–π —Å—Ç–æ–ª —Å–∫–∞—á–∞—Ç—å –±–µ—Å–ø–ª–∞—Ç–Ω–æ. –ù–æ–≤—ã–µ –∫–∞—Ä—Ç–∏–Ω–∫–∏, —Ñ–æ—Ç–æ–≥—Ä–∞—Ñ–∏–∏, –∑–∞—Å—Ç–∞–≤–∫–∏, wallpaper, desktop wallpapers –¥–ª—è —Ä–∞–±–æ—á–µ–≥–æ —Å—Ç–æ–ª–∞ 
Digital Technology		0zed digital technology tell about the internet, computer, mobile, and edge technologies
Medical School Dating Site, meet medical professional singles	Medical school dating site	Dating female medical students - Serious Site Dating, as far as the relationship, you're right, I can't tell you what Dr. Having power means you can give..
1000 –ª—É—á—à–∏—Ö –º–µ—Å—Ç –Ω–∞—à–µ–π –ø–ª–∞–Ω–µ—Ç—ã. –°–∞–º—ã–µ –≥–ª–∞–≤–Ω—ã–µ –¥–æ—Å—Ç–æ–ø—Ä–∏–º–µ—á–∞—Ç–µ–ª—å–Ω–æ—Å—Ç–∏ –º–∏—Ä–∞.		–ù–∞ —ç—Ç–æ–º —Å–∞–π—Ç–µ –≤—ã –Ω–∞–π–¥—ë—Ç–µ –æ–ø–∏—Å–∞–Ω–∏–µ –≤—Å–µ—Ö –¥–æ—Å—Ç–æ–ø—Ä–∏–º–µ—á–∞—Ç–µ–ª—å–Ω–æ—Å—Ç–µ–π –º–∏—Ä–∞, —Ñ–æ—Ç–æ, —Ä–∞—Å—Å–∫–∞–∑—ã –æ—á–µ–≤–∏–¥—Ü–µ–≤ –∏ –º–Ω–æ–≥–æ–µ –¥—Ä—É–≥–æ–µ
Google		–ü–æ–∏—Å–∫ –∏–Ω—Ñ–æ—Ä–º–∞—Ü–∏–∏ –≤ –∏–Ω—Ç–µ—Ä–Ω–µ—Ç–µ: –≤–µ–± —Å—Ç—Ä–∞–Ω–∏—Ü—ã, –∫–∞—Ä—Ç–∏–Ω–∫–∏, –≤–∏–¥–µ–æ –∏ –º–Ω–æ–≥–æ–µ –¥—Ä—É–≥–æ–µ.
–§—Ä–∞–Ω—à–∏–∑–∞ –ø–æ—Å—É—Ç–æ—á–Ω–æ–π –∞—Ä–µ–Ω–¥—ã –∫–≤–∞—Ä—Ç–∏—Ä		
Early Learning Central		
		
The Best of Tumblr Blog - 1000notes.com		1000notes.com is the original Best of Tumblr blog (no direct affiliation with Tumblr itself). We pick out the very best posts on Tumblr and reblog them for you to enjoy. Follow to get the very best...
–î–µ—Ä–µ–≤–Ω—è –í—ã—Ä—É—á–∞–ª–æ–≤–∫–∞		
Die st√§rkste Motorrad Seite im Internet - 1000PS.at		1000PS.at - Die st√§rkste Motorrad Seite im Internet. Bietet Motorrad Testberichte und Neuheiten, Bilder, Videos, einen kostenlosen Motorrad Marktplatz f√ºr Gebrauchtmotorr√§der, Roller und Mopeds und einer Motorrad H√§ndler √úbersicht.
Die st√§rkste Motorrad Seite im Internet - 1000PS.de		1000PS.de - Die st√§rkste Motorrad Seite im Internet. Bietet Motorrad Testberichte und Neuheiten, Bilder, Videos, einen kostenlosen Motorrad Marktplatz f√ºr Gebrauchtmotorr√§der, Roller und Mopeds und einer Motorrad H√§ndler √úbersicht.
1000 –†–∞–∑–º–µ—Ä–æ–≤		
1000Savings.com	Malaysia group buying, group buying coupon, money-saving tips, freebies, malaysia contest, facebook contest, GROUPON Malaysia coupon, Mydeal coupon, dealmates coupon, everyday coupon, milkadeal coupon, webuy coupon, mobile prepaid, mobile postpaid, malaysia credit cards, malaysia broadband	Bringing you best deal everyday! Group Buying discount coupon + Freebies + Contest + review of Malaysia mobile prepaid & postpaid, Credit Cards, broadband & travel
–®–∏–Ω—ã –∏ –¥–∏—Å–∫–∏ - –≤ –º–∞–≥–∞–∑–∏–Ω–µ 1000 —à–∏–Ω | –ü—Ä–æ–¥–∞–∂–∞ –∞–≤—Ç–æ—à–∏–Ω –≤ –†–æ—Å—Ç–æ–≤–µ-–Ω–∞-–î–æ–Ω—É, –∫—É–ø–∏—Ç—å —à–∏–Ω—ã –ø–æ —Ö–æ—Ä–æ—à–µ–π —Ü–µ–Ω–µ - –∏–Ω—Ç–µ—Ä–Ω–µ—Ç –º–∞–≥–∞–∑–∏–Ω —à–∏–Ω (–∞–≤—Ç–æ—à–∏–Ω)	–ú–∞–≥–∞–∑–∏–Ω –¥–∏—Å–∫–æ–≤ –∏ —à–∏–Ω –≤ –†–æ—Å—Ç–æ–≤–µ-–Ω–∞-–î–æ–Ω—É, –ø—Ä–æ–¥–∞–∂–∞ —à–∏–Ω, –¥–∏—Å–∫–æ–≤	–ò–Ω—Ç–µ—Ä–Ω–µ—Ç-–º–∞–≥–∞–∑–∏–Ω —à–∏–Ω –∏ –¥–∏—Å–∫–æ–≤ 1000 –®–∏–Ω. –ü—Ä–æ–¥–∞–∂–∞ —à–∏–Ω –∏ –¥–∏—Å–∫–æ–≤ –≤ –†–æ—Å—Ç–æ–≤–µ-–Ω–∞-–î–æ–Ω—É –∏ –†–æ—Å—Å–∏–∏. –î–æ—Å—Ç–∞–≤–∫–∞ –ø–æ –†–æ—Å—Ç–æ–≤—É-–Ω–∞-–î–æ–Ω—É ‚Äì –±–µ—Å–ø–ª–∞—Ç–Ω–æ!
| D≈∫wig ≈ºuraw wynajem podno≈õnik koszowy zwy≈ºka		¬† Witamy Pa≈Ñstwa na naszej stronie internetowej. ¬†Je≈ºeli ju≈º tu trafili≈õcie, to z pewno≈õciƒÖ macie co≈õ ciƒô≈ºkiego na sumieniu,¬†ale¬†bez obaw !
Honda CBR1000 Forum : 1000RR.net	1000RR forum, Honda CBR sportbike forum, cbr, sportbike forums, honda cbr, cbr1000, cbr1000rr, cbr 1000rr, cbr, honda fireblade, Honda motorcycle news	1000RR.net: Honda CBR 1000RR Forum. Honda sportbike motorcycle forums for CBR1000RR owners.
Loading...		
1000 Games, Free Games To Play Online, Cool Web Games	1000 games,1000 free games to play,cool games,web games,car games,driving games,racing games,puzzle games,shooting games,flash games,online games,free games,point and click,adventure,strategy,pimp my ride,dress up,racing,shooting,top games,best games	Play 1000 games at 1000webgames.com. Best online games and web games to play for free. More than 1000 free games to play. Cool games like  car games, driving games, racing games, puzzle games, shooting games and more web games.
StoreLand - –°–æ–∑–¥–∞—Ç—å –∏–Ω—Ç–µ—Ä–Ω–µ—Ç –º–∞–≥–∞–∑–∏–Ω —Å–∞–º–æ—Å—Ç–æ—è—Ç–µ–ª—å–Ω–æ, –±–µ—Å–ø–ª–∞—Ç–Ω–æ, –æ–Ω–ª–∞–π–Ω.	StoreLand - –°–æ–∑–¥–∞—Ç—å –∏–Ω—Ç–µ—Ä–Ω–µ—Ç –º–∞–≥–∞–∑–∏–Ω —Å–∞–º–æ—Å—Ç–æ—è—Ç–µ–ª—å–Ω–æ, –±–µ—Å–ø–ª–∞—Ç–Ω–æ, –æ–Ω–ª–∞–π–Ω.	–ü–ª–∞—Ç—Ñ–æ—Ä–º–∞ Storeland –ø–æ–∑–≤–æ–ª—è–µ—Ç —Å–∞–º–æ—Å—Ç–æ—è—Ç–µ–ª—å–Ω–æ —Å–æ–∑–¥–∞—Ç—å –∏–Ω—Ç–µ—Ä–Ω–µ—Ç-–º–∞–≥–∞–∑–∏–Ω –∑–∞ 5 –º–∏–Ω—É—Ç. –í–Ω—É—Ç—Ä–∏ –µ—Å—Ç—å –≤—Å—ë –Ω–µ–æ–±—Ö–æ–¥–∏–º–æ–µ –¥–ª—è –ø—Ä–æ–¥–∞–∂. –í–∞—à —Å–∞–π—Ç –±—É–¥–µ—Ç –æ–ø—Ç–∏–º–∏–∑–∏—Ä–æ–≤–∞–Ω –ø–æ–¥ –≤—Å–µ –≤–∏–¥—ã —É—Å—Ç—Ä–æ–π—Å—Ç–≤. –ü–æ–¥–¥–µ—Ä–∂–∫–∞ 24/7, —Ö–æ—Å—Ç–∏–Ω–≥, –∑–∞—â–∏—Ç–∞ –æ—Ç –≤–∏—Ä—É—Å–æ–≤, –≥–æ—Ç–æ–≤—ã–µ —à–∞–±–ª–æ–Ω—ã –¥–∏–∑–∞–π–Ω–∞ –º–∞–≥–∞–∑–∏–Ω–æ–≤, –∞–Ω–∞–ª–∏—Ç–∏–∫–∞, —Å–º—Å-–∏–Ω—Ñ–æ—Ä–º–∏—Ä–æ–≤–∞–Ω–∏–µ –∫–ª–∏–µ–Ω—Ç–æ–≤, SSL-—Å–µ—Ä—Ç–∏—Ñ–∏–∫–∞—Ç—ã, –≤–æ–∑–º–æ–∂–Ω–æ—Å—Ç—å –≤—Å—Ç—Ä–∞–∏–≤–∞—Ç—å —Å–≤–æ–π –∫–æ–¥, –ø–æ–¥–∫–ª—é—á–∞—Ç—å –≤–Ω–µ—à–Ω–∏–µ —Å–µ—Ä–≤–∏—Å—ã. –î–∞—Ä–∏–º –∏ –∫–∞–∂–¥—ã–π –≥–æ–¥ –±–µ—Å–ø–ª–∞—Ç–Ω–æ –ø—Ä–æ–¥–ª–µ–≤–∞–µ–º –¥–æ–º–µ–Ω–Ω–æ–µ –∏–º—è –≤ –∑–æ–Ω–∞—Ö .RU –∏ .–†–§ –ø—Ä–∏ –æ–ø–ª–∞—Ç–µ –º–∏–Ω–∏–º–∞–ª—å–Ω–æ–≥–æ —Ç–∞—Ä–∏—Ñ–∞.
–ü–ª–∞—Ç—å–µ –∫—É–ø–∏—Ç—å –æ—Ç –ø—Ä–æ–∏–∑–≤–æ–¥–∏—Ç–µ–ª—è –Ω–µ–¥–æ—Ä–æ–≥–æ - 1001 DRESS	–∏–Ω—Ç–µ—Ä–Ω–µ—Ç –º–∞–≥–∞–∑–∏–Ω –ø–ª–∞—Ç—å–µ–≤, –∫—É–ø–∏—Ç—å –ø–ª–∞—Ç—å–µ —Å–∞–Ω–∫—Ç –ø–µ—Ç–µ—Ä–±—É—Ä–≥, –∫—É–ø–∏—Ç—å –ø–ª–∞—Ç—å–µ –º–æ—Å–∫–≤–∞, –∫—É–ø–∏—Ç—å –ø–ª–∞—Ç—å–µ —Ü–µ–Ω—ã	–ë–æ–ª—å—à–æ–π –≤—ã–±–æ—Ä –∂–µ–Ω—Å–∫–∏—Ö –ø–ª–∞—Ç—å–µ–≤ –≤ –∏–Ω—Ç–µ—Ä–Ω–µ—Ç - –º–∞–≥–∞–∑–∏–Ω–µ 1001dress.ru ‚úî –ù–æ–≤—ã–µ –∫–æ–ª–ª–µ–∫—Ü–∏–∏ ‚úî –ë–µ—Å–ø–ª–∞—Ç–Ω–∞—è –ø—Ä–∏–º–µ—Ä–∫–∞ ‚úî –î–æ—Å—Ç–∞–≤–∫–∞ –ø–æ –≤—Å–µ–π –†–æ—Å—Å–∏–∏
1001 d√©lices : Recettes de cuisine, 1001 Restaurants, Astuces, Top Restaurants et forum	recette, recettes, d√©lices, trucs et astuces, truc, astuce, restaurant, restaurants, resto, concours, 1001delices, menu, l√©gumes, fruits, liste de recettes, poissons, fiche culinaire, bouffe, fromage, sandwich, oeuf, gourmand, boulangerie, cuisinier, manger, soupe, culinaire, livre de recettes, viande, l√©gume, fromage, amuse-gueule, amuse-bouche, cr√®pe, cuisiner, gibier, hors d'oeuvre, salade, riz, entr√©e, recettes de cuisine, desserts, gateau, dessert, repas, volaille, potage, sauces, pizza, veau, beurre, fruits de mer, viandes, boeuf, poulet, cooking, tarte, p√¢tes, p√¢tisserie, chef, poissons, plat, marinade, biscuit, glace, boissons, sauce, tarte, autres recettes, p√¢tes, poisson, gastronomie, assaisonnements, assaisonnement, crustac√©s, crustac√©, fromages, √©conomiques, recettes economiques, recettes express, recette expres, recettes minceures, minceures, minceure, recettes v√©g√©tariennes, v√©g√©tarien, 1001	1001 d√©lices est un portail culinaire contient plusieurs sites, recettes, trucs et astuces, top restaurants, forum, carte de visite virtuelle
1001 Fonts ¬∑ Free Fonts Baby!		21,315 free fonts in 11,320 families ¬∑ Free licenses for commercial use ¬∑ Direct font downloads ¬∑ Mac ¬∑ Windows ¬∑ Linux
1001–ì–æ–ª–æ—Å.—Ä—É | –ë–∏—Ç–≤—ã —á–µ—Ä–µ–∑ —Å–æ—Ü–∏–∞–ª—å–Ω—ã–µ —Å–µ—Ç–∏	–ë–∏—Ç–≤—ã, –±–∏—Ç–≤–∞, –ª—É—á—à–∏–µ –±–∏—Ç–≤—ã, —Å–æ–∑–¥–∞—Ç—å –±–∏—Ç–≤—É, –∑–∞–≤–µ—Ä—à—ë–Ω–Ω—ã–µ –±–∏—Ç–≤—ã, –≥–æ–ª–æ—Å–æ–≤–∞–Ω–∏–µ, –æ–Ω–ª–∞–π–Ω –±–∏—Ç–≤—ã, 1001–≥–æ–ª–æ—Å, 1001 –≥–æ–ª–æ—Å, –∏–Ω—Ç–µ—Ä–Ω–µ—Ç –±–∏—Ç–≤—ã, —Å–æ—Ü–∏–∞–ª—å–Ω—ã–µ —Å–µ—Ç–∏	–û–Ω–ª–∞–π–Ω –≥–æ–ª–æ—Å–æ–≤–∞–Ω–∏–µ –æ–ø—Ä–µ–¥–µ–ª–∏—Ç –ª—É—á—à–µ–≥–æ! –°–æ–∑–¥–∞–≤–∞–π—Ç–µ –±–∏—Ç–≤—ã, —Å–º–æ—Ç—Ä–∏—Ç–µ –ª—É—á—à–∏–µ –±–∏—Ç–≤—ã, —É–∑–Ω–∞–≤–∞–π—Ç–µ —Ä–µ–∑—É–ª—å—Ç–∞—Ç—ã –∑–∞–≤–µ—Ä—à—ë–Ω–Ω—ã—Ö –±–∏—Ç–≤.
Jocuri ‚Äì JoacƒÉ jocuri haioase pe 1001 Jocuri!		1001Jocuri.com
–û–¥–µ–∂–¥–∞ –ø–æ –∫–∞—Ç–∞–ª–æ–≥–∞–º ‚Äî –∑–∞–∫–∞–∑ —á–µ—Ä–µ–∑ 1001 –∫–∞—Ç–∞–ª–æ–≥ | –¶–µ–Ω—Ç—Ä –∑–∞–∫–∞–∑–æ–≤ –ø–æ –∫–∞—Ç–∞–ª–æ–≥–∞–º ‚Äî –∫—É–ø–∏—Ç–µ –æ–¥–µ–∂–¥—É –µ–≤—Ä–æ–ø–µ–π—Å–∫–æ–≥–æ –∫–∞—á–µ—Å—Ç–≤–∞	–∫—É–ø–∏—Ç—å –æ–¥–µ–∂–¥—É –ø–æ –∫–∞—Ç–∞–ª–æ–≥–∞–º –∑–∞–∫–∞–∑ —Ü–µ–Ω—Ç—Ä —Ç–æ–≤–∞—Ä–æ–≤ 1001 —á–µ—Ä–µ–∑	–¶–µ–Ω—Ç—Ä –∑–∞–∫–∞–∑–æ–≤ ¬´1001 –∫–∞—Ç–∞–ª–æ–≥¬ª –ø—Ä–µ–¥–ª–∞–≥–∞–µ—Ç –≤—ã–±—Ä–∞—Ç—å –∏ –∫—É–ø–∏—Ç—å –æ–¥–µ–∂–¥—É –ø–æ –∫–∞—Ç–∞–ª–æ–≥–∞–º –∑–Ω–∞–º–µ–Ω–∏—Ç—ã—Ö –Ω–µ–º–µ—Ü–∫–∏—Ö –±—Ä–µ–Ω–¥–æ–≤. –£ –Ω–∞—Å –ø—Ä–µ–¥—Å—Ç–∞–≤–ª–µ–Ω —à–∏—Ä–æ–∫–∏–π –∞—Å—Å–æ—Ä—Ç–∏–º–µ–Ω—Ç –ø—Ä–æ–¥—É–∫—Ü–∏–∏ –µ–≤—Ä–æ–ø–µ–π—Å–∫–æ–≥–æ –∫–∞—á–µ—Å—Ç–≤–∞ –ø–æ –¥–æ—Å—Ç—É–ø–Ω—ã–º —Ü–µ–Ω–∞–º.
1001 Hry - Zahraj si zdarma hry pro mlad√© i star√©!	hry, hry zdarma, hr√°t hry, hr√°t, hry na internetu, hr√°t teƒè, ka≈æd√° hra	Nejnovƒõj≈°√≠ a nejkr√°snƒõj≈°√≠ hry sesb√≠ran√© na 1 webov√© str√°nce! U n√°s jich nalezne≈° v√≠ce jak 3500!
–ê—Ä–µ–Ω–¥–∞ –∂–∏–ª—å—è –ø–æ—Å—É—Ç–æ—á–Ω–æ - 1001kvartira.ru		–ú—ã –ø–æ–º–æ–≥–∞–µ–º –∞—Ä–µ–Ω–¥–æ–≤–∞—Ç—å –∂–∏–ª—å–µ –ø–æ—Å—É—Ç–æ—á–Ω–æ –≤ –ª—é–±–æ–º –≥–æ—Ä–æ–¥–µ –†–æ—Å—Å–∏–∏, –ø–æ –Ω–∏–∑–∫–æ–π —Ü–µ–Ω–µ. –ù–∞ –Ω–∞—à–µ–º —Å–∞–π—Ç–µ –í—ã –Ω–∞–π–¥–µ—Ç–µ –Ω–µ–¥–æ—Ä–æ–≥–∏–µ –ø—Ä–µ–¥–ª–æ–∂–µ–Ω–∏—è –æ–± –∞—Ä–µ–Ω–¥–µ –∂–∏–ª—å—è –ø–æ—Å—É—Ç–æ—á–Ω–æ –∏ –±–µ–∑ –ø–æ—Å—Ä–µ–¥–Ω–∏–∫–æ–≤. –ü–æ—Å—É—Ç–æ—á–Ω–∞—è –∞—Ä–µ–Ω–¥–∞ –æ—Ç —Ö–æ–∑—è–µ–≤ –≤ –†–æ—Å—Å–∏–∏ - –Ω–∞—à –∫–æ–Ω–µ–∫...
1001 –ú–µ–º | –ù–æ–≤–æ—Å—Ç–∏ - –ü—Ä–∏–∫–æ–ª—ã - –ö–æ–º–∏–∫—Å—ã - –ú–µ–º—ã	1001 –º–µ–º, 1001–º–µ–º, 1001mem, 1001 mem, –Ω–æ–≤–æ—Å—Ç–∏, –∞–∫—Ç—É–∞–ª—å–Ω—ã–µ –Ω–æ–≤–æ—Å—Ç–∏, —é–º–æ—Ä–∏—Å—Ç–∏—á–µ—Å–∫–∏–µ –Ω–æ–≤–æ—Å—Ç–∏, –≥–æ—Ä—è—á–∏–µ –Ω–æ–≤–æ—Å—Ç–∏, —Å–æ–∑–¥–∞—Ç—å –Ω–æ–≤–æ—Å—Ç—å, –ø—Ä–∏–∫–æ–ª—ã, –ª—É—á—à–∏–µ –ø—Ä–∏–∫–æ–ª—ã, –Ω–æ–≤—ã–µ –ø—Ä–∏–∫–æ–ª—ã, —Å–æ–∑–¥–∞—Ç—å –ø—Ä–∏–∫–æ–ª, –∫–æ–º–∏–∫—Å—ã, –ª—É—á—à–∏–µ –∫–æ–º–∏–∫—Å—ã, —Å–æ–∑–¥–∞—Ç—å –∫–æ–º–∏–∫—Å, –º–µ–º—ã, –º–µ–º, –Ω–æ–≤—ã–µ –º–µ–º—ã, —Å–æ–∑–¥–∞—Ç—å –º–µ–º, —Å–æ–∑–¥–∞—Ç—å –º–µ–º—ã, —Å–æ–∑–¥–∞—Ç—å –º–µ–º—ã –æ–Ω–ª–∞–π–Ω, —Å–æ–∑–¥–∞—Ç—å –º–µ–º –æ–Ω–ª–∞–π–Ω —Å–æ —Å–≤–æ–µ–π –∫–∞—Ä—Ç–∏–Ω–∫–æ–π	–ü—Ä—è–º–æ —Å–µ–π—á–∞—Å –í—ã –ø–µ—Ä–≤—ã–º–∏ —É–∑–Ω–∞–µ—Ç–µ –≤—Å—ë, —á—Ç–æ –ø—Ä–æ–∏—Å—Ö–æ–¥–∏—Ç —Å–µ–π—á–∞—Å –≤ –º–∏—Ä–µ, –ø–æ—Å—Ä–µ–¥—Å—Ç–≤–æ–º —é–º–æ—Ä–∏—Å—Ç–∏—á–µ—Å–∫–∏—Ö –Ω–æ–≤–æ—Å—Ç–µ–π, –ø—Ä–∏–∫–æ–ª–æ–≤, –∫–æ–º–∏–∫—Å–æ–≤ –∏ –º–µ–º. –≠—Ç–æ –∏–Ω—Ç–µ—Ä–µ—Å–Ω–æ!
Pelit - pelaa nyt 3500 ilmaista online-peli√§!		Uusimmat ja hauskimmat pelit kaikki yhdell√§ sivustolla! Meilt√§ l√∂yd√§t yli 3500 peli√§! 
Download Free Vectors, Photos, Icons, PSDs and more - 1001FreeDownloads.com		Download free vectors, photos, icons, fonts, wallpapers and more. We're constantly expanding our content with exclusive 1001freedownloads.com files
Bizland		
Free Mahjong Games at 1001mahjonggames.com		Play free Mahjong games on the best mahjong website over the net. we have a variety of Free Mahjong games which you can play online and enjoy your free time.
Bizland		
1001 NOISY CAMERAS		
–ë–µ—Å–ø–ª–∞—Ç–Ω—ã–µ –ø—Ä–æ–≥—Ä–∞–º–º—ã - —Å–∫–∞—á–∞–π —Å–æ—Ñ—Ç –±–µ—Å–ø–ª–∞—Ç–Ω–æ!	–ø—Ä–æ–≥—Ä–∞–º–º—ã —Å–æ—Ñ—Ç –±–µ—Å–ø–ª–∞—Ç–Ω–æ —Å–∫–∞—á–∞—Ç—å free soft software download FlashGet WinRAR ICQ WinAmp ACDSee Opera Mozilla FAR MyIE Internet Explorer DirectX Nero	–í –Ω–∞—à–µ–º –∫–∞—Ç–∞–ª–æ–≥–µ –ø—Ä–æ–≥—Ä–∞–º–º –≤—ã –Ω–∞–π–¥–µ—Ç–µ –æ–≥—Ä–æ–º–Ω—É—é –∫–æ–ª–ª–µ–∫—Ü–∏—é —Å–æ—Ñ—Ç–∞ —Ä–∞–∑–Ω—ã—Ö –ø—Ä–æ–∏–∑–≤–æ–¥–∏—Ç–µ–ª–µ–π. –ù–∞—à –∫–∞—Ç–∞–ª–æ–≥ —Å–æ–¥–µ—Ä–∂–∏—Ç –∫–∞–∫ –±–µ—Å–ø–ª–∞—Ç–Ω—ã–µ, —Ç–∞–∫ –∏ –∫–æ–º–º–µ—Ä—á–µ—Å–∫–∏–µ –ø—Ä–æ–≥—Ä–∞–º–º—ã –¥–ª—è —Ä–∞–∑–ª–∏—á–Ω—ã—Ö –ø–ª–∞—Ç—Ñ–æ—Ä–º, —Ç–∞–∫–∏—Ö –∫–∞–∫: Windows, Unix, Android, iOs, Mac OS, Palm OS, Pocket PC, Symbian...
–ê–Ω–µ–∫–¥–æ—Ç—ã	–ê–Ω–µ–∫–¥–æ—Ç—ã	–ê–Ω–µ–∫–¥–æ—Ç—ã
–ò–Ω—Ç–µ—Ä–Ω–µ—Ç –º–∞–≥–∞–∑–∏–Ω –∞–≤—Ç–æ–∑–∞–ø—á–∞—Å—Ç–µ–π	–ò–Ω—Ç–µ—Ä–Ω–µ—Ç –º–∞–≥–∞–∑–∏–Ω –∞–≤—Ç–æ–∑–∞–ø—á–∞—Å—Ç–µ–π –û—Ä–∏–≥–∏–Ω–∞–ª—å–Ω—ã–µ –∫–∞—Ç–∞–ª–æ–≥–∏ –û–±—â–∏–π –∫–∞—Ç–∞–ª–æ–≥ –∑–∞–ø—á–∞—Å—Ç–∏ –ê–Ω–∞–ª–æ–≥–∏ –ù–µ–æ—Ä–∏–≥–∏–Ω–∞–ª –ö–∞—Ç–∞–ª–æ–≥ —Ä–∞—Å—Ö–æ–¥–Ω–∏–∫–æ–≤ –¥–ª—è –¢–û –®–∏–Ω—ã –î–∏—Å–∫–∏ –ö–æ–ª–ø–∞–∫–∏ –ö–∞—Ç–∞–ª–æ–≥ –º–∞—Å–µ–ª –ö–∞—Ç–∞–ª–æ–≥ –∞–≤—Ç–æ–∞–∫—Å–µ—Å—Å—É–∞—Ä–æ–≤ –ö–∞—Ç–∞–ª–æ–≥ –∞–∫–∫—É–º—É–ª—è—Ç–æ—Ä–æ–≤ –ê–≤—Ç–æ–ª–∞–º–ø—ã	–ê–≤—Ç–æ–∑–∞–ø—á–∞—Å—Ç–∏ –¥–ª—è –∏–Ω–æ–º–∞—Ä–æ–∫ –≤ –∏–Ω—Ç–µ—Ä–Ω–µ—Ç –º–∞–≥–∞–∑–∏–Ω–µ 1001 –ó–∞–ø—á–∞—Å—Ç—å –º–æ–∂–Ω–æ –∫—É–ø–∏—Ç—å –∏—Å–ø–æ–ª—å–∑—É—è –∫–∞—Ç–∞–ª–æ–≥ –∑–∞–ø—á–∞—Å—Ç–µ–π –∏–ª–∏ –≤–æ—Å–ø–æ–ª—å–∑–æ–≤–∞–≤—à–∏—Å—å –ø–æ–∏—Å–∫–æ–º –ø–æ –Ω–∞–∏–º–µ–Ω–æ–≤–∞–Ω–∏—é. –û—Ä–∏–≥–∏–Ω–∞–ª—å–Ω—ã–µ –∑–∞–ø—á–∞—Å—Ç–∏ –∏ –∫–∞—á–µ—Å—Ç–≤–µ–Ω–Ω—ã–µ –∞–Ω–∞–ª–æ–≥–∏ –≤ –Ω–∞–ª–∏—á–∏–∏ –∏ –ø–æ–¥ –∑–∞–∫–∞–∑. –î–æ—Å—Ç–∞–≤–∫–∞.
–ü–æ–∏—Å–∫ —Ç—É—Ä–æ–≤ - –û–Ω–ª–∞–π–Ω –ø–æ –≤—Å–µ–º —Ç—É—Ä–æ–ø–µ—Ä–∞—Ç–æ—Ä–∞–º üèù –û—Ñ–∏—Ü–∏–∞–ª—å–Ω—ã–π —Å–∞–π—Ç —Ç—É—Ä–∞–≥–µ–Ω—Ç—Å—Ç–≤–∞ ‚Äú1001 –¢—É—Ä‚Äù (–ú–æ—Å–∫–≤–∞, –†–æ—Å—Å–∏—è)		
–¢—É—Ä—ã –æ—Ç 73 —Ç—É—Ä–æ–ø–µ—Ä–∞—Ç–æ—Ä–æ–≤ –Ω–∞ —Å–∞–π—Ç–µ 1001 –¢—É—Ä ‚úÖ–ü–æ–∏—Å–∫ —Ç—É—Ä–æ–≤ –æ–Ω–ª–∞–π–Ω –æ—Ç —Ç—É—Ä—Ñ–∏—Ä–º—ã 1001tur.ru ‚úÖ–¶–µ–Ω—ã –Ω–∞ –ø—É—Ç–µ–≤–∫–∏ –æ—Ç 600 ‚ÇΩ ‚úÖ–ë–∞–Ω–∫ –∏–∑ 40910244 —Ç—É—Ä–∞ –Ω–∞ 2019-2020 –≥. üè¢185 –æ—Ñ–∏—Å–æ–≤ —Å–µ—Ç–∏ —Ç—É—Ä–∞–≥–µ–Ω—Ç—Å—Ç–≤ –ø–æ –ú–æ—Å–∫–≤–µ –∏ –†–æ—Å—Å–∏–∏ ‚úÖ–ù–æ–≤–æ—Å—Ç–∏, –∞–∫—Ü–∏–∏ –∫–æ–º–ø–∞–Ω–∏–∏, –æ—Ç–∑—ã–≤—ã —Ç—É—Ä–∏—Å—Ç–æ–≤.

–°–∞–π—Ç –≥–∏–¥ –ø–æ –æ–Ω–ª–∞–π–Ω –∫–∞–∑–∏–Ω–æ. –í—Å–µ –ø—Ä–æ –∫–∞–∑–∏–Ω–æ –≤ –∏–Ω—Ç–µ—Ä–Ω–µ—Ç–µ. –ü—Ä–∞–≤–∏–ª–∞ –∏ —Å—Ç—Ä–∞—Ç–µ–≥–∏–∏, —á—Ç–æ–±—ã –ø—Ä–∞–≤–∏–ª—å–Ω–æ –∏–≥—Ä–∞—Ç—å –≤ –∫–∞–∑–∏–Ω–æ –Ω–∞ –¥–µ–Ω—å–≥–∏, –∞ –∏–≥—Ä–∞ –≤ –∫–∞–∑–∏–Ω–æ —Å—Ç–∞–ª–∞ –≤—ã–∏–≥—Ä—ã—à–Ω–æ–π!		
	TOP RANK ARTISTS(KOREAN STAR)	ÎÇ®Ïûê,Ïó¨ÏûêÏïÑÏù¥Îèå Ïù∏Í∏∞ÏàúÏúÑ, Ïù∏Í∏∞Ìà¨Ìëú, Ïó∞ÏòàÏù∏ Ïù∏Í∏∞ÏàúÏúÑ, Ïó∞ÏòàÏù∏ Ïù∏Í∏∞Ìà¨Ìëú
Welcome!		
100ani.com - ·É£·É§·Éê·É°·Éù ·Éí·Éê·Éú·É™·ÉÆ·Éê·Éì·Éî·Éë·Éî·Éë·Éò·É° ·Éß·Éï·Éî·Éö·Éê·Éñ·Éî ·Éì·Éò·Éì·Éò ·Éû·Éù·É†·É¢·Éê·Éö·Éò	mymarket ge,mai market je,maimarket je,mai avto je,my auto 
search engine ranking	
100-d.ru - –ì–ª–∞–≤–Ω–∞—è	–ê–≤—Ç–æ–∑–∞–ø—á–∞—Å—Ç–∏, –∏–Ω–æ–º–∞—Ä–∫–∏, –∫–æ–Ω—Ç—Ä–∞–∫—Ç–Ω—ã–µ –∞–≤—Ç–æ–∑–∞–ø—á–∞—Å—Ç–∏, –∫–æ–Ω—Ç—Ä–∞–∫—Ç–Ω—ã–µ —è–ø–æ—Å–Ω–∫–∏–µ –∑–∞–ø—á–∞—Å—Ç–∏. 	–ê–≤—Ç–æ–∑–∞–ø—á–∞—Å—Ç–∏ –Ω–æ–≤—ã–µ –∏ –∫–æ–Ω—Ç—Ä–∞–∫—Ç–Ω—ã–µ. –û—Ç–µ—á–µ—Å—Ç–≤–µ–Ω–Ω—ã–µ –∏ –∏–Ω–æ–º–∞—Ä–∫–∏.
–õ–£–ß–®–ò–ï –°–û–í–ï–¢–°–ö–ò–ï –∏ –†–£–°–°–ö–ò–ï –§–ò–õ–¨–ú–´ - —Å–∫–∞—á–∞—Ç—å –±–µ—Å–ø–ª–∞—Ç–Ω–æ!	100 –õ—É—á—à–∏—Ö —Å–æ–≤–µ—Ç—Å–∫–∏—Ö –∏ –†—É—Å—Å–∫–∏—Ö —Ñ–∏–ª—å–º–æ–≤ –±–µ—Å–ø–ª–∞—Ç–Ω–æ, —Å–æ–≤–µ—Ç—Å–∫–∏–µ —Ñ–∏–ª—å–º—ã, —Å–æ–≤–µ—Ç—Å–∫–æ–µ –∫–∏–Ω–æ, –±–µ—Å–ø–ª–∞—Ç–Ω–æ–µ —Å–æ–≤–µ—Ç—Å–∫–æ–µ –∫–∏–Ω–æ, –∫–∏–Ω–æ —Å–æ–≤–µ—Ç—Å–∫–æ–µ –±–µ—Å–ø–ª–∞—Ç–Ω–æ, —Å–∫–∞—á–∞—Ç—å —Å–æ–≤–µ—Ç—Å–∫–æ–µ –∫–∏–Ω–æ, —Å–æ–≤–µ—Ç—Å–∫–æ–µ –∫–∏–Ω–æ —Å–∫–∞—á–∞—Ç—å, –ª—É—á—à–µ–µ —Å–æ–≤–µ—Ç—Å–∫–æ–µ –∫–∏–Ω–æ, —Å–æ–≤–µ—Ç—Å–∫–æ–µ –∫–∏–Ω–æ –≤ —Ö–æ—Ä–æ—à–µ–º –∫–∞—á–µ—Å—Ç–≤–µ, —Å–∫–∞—á–∞—Ç—å –±–µ—Å–ø–ª–∞—Ç–Ω–æ–µ —Å–æ–≤–µ—Ç—Å–∫–æ–µ –∫–∏–Ω–æ, —Å–æ–≤–µ—Ç—Å–∫–æ–µ –∫–∏–Ω–æ —Å–∫–∞—á–∞—Ç—å –±–µ—Å–ø–ª–∞—Ç–Ω–æ, –±–µ—Å–ø–ª–∞—Ç–Ω—ã–µ —Å–æ–≤–µ—Ç—Å–∫–∏–µ —Ñ–∏–ª—å–º—ã, —Å–æ–≤–µ—Ç—Å–∫–∏–µ —Ñ–∏–ª—å–º—ã –±–µ—Å–ø–ª–∞—Ç–Ω–æ,–ª—É—á—à–µ–µ —Å–æ–≤–µ—Ç—Å–∫–æ–µ –∫–∏–Ω–æ,  –ª—É—á—à–∏–µ —Å–æ–≤–µ—Ç—Å–∫–∏–µ —Ñ–∏–ª—å–º—ã, —Å–æ–≤–µ—Ç—Å–∫–∏–µ —Ñ–∏–ª—å–º—ã –∫–∞—á–µ—Å—Ç–≤–æ, —Å–æ–≤–µ—Ç—Å–∫–∏–µ —Ñ–∏–ª—å–º—ã —Ö–æ—Ä–æ—à–µ–≥–æ –∫–∞—á–µ—Å—Ç–≤–∞, —Å—Ç–∞—Ä—ã–π —Å–æ–≤–µ—Ç—Å–∫–∏–π —Ñ–∏–ª—å–º, —Å—Ç–∞—Ä—ã–µ —Å–æ–≤–µ—Ç—Å–∫–∏–µ —Ñ–∏–ª—å–º—ã, —Å–æ–≤–µ—Ç—Å–∫–∏–µ —Ñ–∏–ª—å–º—ã —Å–∫–∞—á–∞—Ç—å, —Å–æ–≤–µ—Ç—Å–∫–∏–µ —Ñ–∏–ª—å–º—ã –±–µ–∑ —Ä–µ–≥–∏—Å—Ç—Ä–∞—Ü–∏–∏, —Å–æ–≤–µ—Ç—Å–∫–∏–µ —Ñ–∏–ª—å–º—ã –±–µ—Å–ø–ª–∞—Ç–Ω–æ –±–µ–∑ —Ä–µ–≥–∏—Å—Ç—Ä–∞—Ü–∏–∏, –±–µ—Å–ø–ª–∞—Ç–Ω—ã–µ –±–µ–∑ —Ä–µ–≥–∏—Å—Ç—Ä–∞—Ü–∏–∏ —Å–æ–≤–µ—Ç—Å–∫–∏–µ —Ñ–∏–ª—å–º—ã, –±–µ—Å–ø–ª–∞—Ç–Ω—ã–µ —Å–æ–≤–µ—Ç—Å–∫–∏–µ —Ñ–∏–ª—å–º—ã —Å–∫–∞—á–∞—Ç—å, –±–µ—Å–ø–ª–∞—Ç–Ω–æ —Å–∫–∞—á–∞—Ç—å —Å–æ–≤–µ—Ç—Å–∫–∏–µ —Ñ–∏–ª—å–º—ã, —Ñ–∏–ª—å–º—ã —Å–æ–≤–µ—Ç—Å–∫–∏—Ö –ª–µ—Ç, —Å—Ç–∞—Ä—ã–µ —Ñ–∏–ª—å–º—ã —Å–æ–≤–µ—Ç—Å–∫–∏–µ –±–µ—Å–ø–ª–∞—Ç–Ω–æ, —Å–æ–≤–µ—Ç—Å–∫–∏–µ –¥–µ—Ç—Å–∫–∏–µ —Ñ–∏–ª—å–º—ã, —Å–æ–≤–µ—Ç—Å–∫–∏–µ —Ö—É–¥–æ–∂–µ—Å—Ç–≤–µ–Ω–Ω—ã–µ —Ñ–∏–ª—å–º—ã, —Ñ–∏–ª—å–º —Å—Å—Å—Ä, —Å—Ç–∞—Ä—ã–µ —Ñ–∏–ª—å–º—ã, —Å—Ç–∞—Ä–æ–µ –∫–∏–Ω–æ, —Ñ–∏–ª—å–º—ã –≥–∞–π–¥–∞—è, —Ñ–∏–ª—å–º—ã —Ä—è–∑–∞–Ω–æ–≤–∞, —Å–∫–∞—á–∞—Ç—å —Å–æ–≤–µ—Ç—Å–∫–∏–µ —Ñ–∏–ª—å–º—ã –±–µ—Å–ø–ª–∞—Ç–Ω–æ, –ª—É—á—à–∏–µ —Å–æ–≤–µ—Ç—Å–∫–∏–µ –∫–æ–º–µ–¥–∏–∏, –ª—É—á—à–∏–µ —Å–æ–≤–µ—Ç—Å–∫–∏–µ —Ñ–∏–ª—å–º—ã –≤—Å–µ—Ö –≤—Ä–µ–º–µ–Ω, –°–æ–≤–µ—Ç—Å–∫–∏–µ —Ñ–∏–ª—å–º—ã, –°–æ–≤–µ—Ç—Å–∫–∏–µ —Ñ–∏–ª—å–º—ã —Å–∫–∞—á–∞—Ç—å, –°–æ–≤–µ—Ç—Å–∫–∏–µ —Ñ–∏–ª—å–º—ã —Å–∫–∞—á–∞—Ç—å –±–µ—Å–ø–ª–∞—Ç–Ω–æ, –ª—É—á—à–∏–µ —Å–æ–≤–µ—Ç—Å–∫–∏–µ —Ñ–∏–ª—å–º—ã –±–µ—Å–ø–ª–∞—Ç–Ω–æ	–°–∫–∞—á–∞—Ç—å –±–µ—Å–ø–ª–∞—Ç–Ω–æ –õ—É—á—à–∏–µ —Å–æ–≤–µ—Ç—Å–∫–∏–µ –∏ —Ä—É—Å—Å–∫–∏–µ (—Ä–æ—Å—Å–∏–π—Å–∫–∏–µ) —Ñ–∏–ª—å–º—ã –∏ —Å–µ—Ä–∏–∞–ª—ã –≤ —Ö–æ—Ä–æ—à–µ–º –∫–∞—á–µ—Å—Ç–≤–µ, –±–µ–∑ —Ä–µ–≥–∏—Å—Ç—Ä–∞—Ü–∏–∏ –∏ —Å–º—Å! –ö–æ–º–µ–¥–∏–∏, –º–µ–ª–æ–¥—Ä–∞–º—ã, –±–æ–µ–≤–∏–∫–∏, –¥–µ—Ç–µ–∫—Ç–∏–≤—ã, –ø—Ä–∏–∫–ª—é—á–µ–Ω–∏—è, —Ñ–∏–ª—å–º—ã –æ –≤–æ–π–Ω–µ!
100freemb.com Is For Sale		The domain name 100freemb.com is for sale. Call BuyDomains at 844-896-7299 to get a price quote and get your business online today!
100mb.net/ - –°–µ—Ä–≤–∏—Å —Ä–µ–≥–∏—Å—Ç—Ä–∞—Ü–∏–∏ –¥–æ–º–µ–Ω–æ–≤ –∏ —Ö–æ—Å—Ç–∏–Ω–≥–∞ *.RU-TLD.RU		
		
–°–æ–Ω–Ω–∏–∫ –Æ–Ω–æ–Ω—ã - 40 —Å–æ–Ω–Ω–∏–∫–æ–≤, –≥–æ—Ä–æ—Å–∫–æ–ø 2020, –≥–æ—Ä–æ—Å–∫–æ–ø—ã, –≥–∞–¥–∞–Ω–∏—è		
100megsfree5.com - Free web space provider. 100/250 Megs of free space, front page extensions, FTP, free games, free site tools, free web page	free web space, free web pages, 100 megs free web host, front page support free space, free
site, free web site, free web pages, 100 megs free web host, front page support free space, free site, free web site, free
web space 100 megs free web host front page support free space free site free web site free web space free web pages front
page support free space free site free web site free web space free web pages 100 megs free web host free site, free web
site, free web space, free web pages, 100 megs free web host, front page support free space, free web site, free web space,
free web pages, 100 megs free web host front page support free space, free site	
100 Casino - En blogg om olika online-casinon och spel		En blogg om olika online-casinon och spel
–•–æ—Å—Ç–∏–Ω–≥–æ–≤–∞—è –∫–æ–º–ø–∞–Ω–∏—è 100ms.ru - —Ç–æ–ª—å–∫–æ –≤—ã–≥–æ–¥–Ω—ã–µ —Ä–µ—à–µ–Ω–∏—è		–•–æ—Å—Ç–∏–Ω–≥ 100ms.ru - —Ç–æ–ª—å–∫–æ –≤—ã–≥–æ–¥–Ω—ã–µ —Ä–µ—à–µ–Ω–∏—è: –æ–ø—Ç–∏–º–∞–ª—å–Ω—ã–µ –¥–µ—à–µ–≤—ã–µ —Ç–∞—Ä–∏—Ñ—ã –≤–µ–±—Ö–æ—Å—Ç–∏–Ω–≥–∞, –ª—É—á—à–∏–µ VDS –∫–æ–Ω—Ñ–∏–≥—É—Ä–∞—Ü–∏–∏, —Ä–µ–≥–∏—Å—Ç—Ä–∞—Ü–∏—è –∏ –ø—Ä–æ–¥–ª–µ–Ω–∏–µ –¥–æ–º–µ–Ω–æ–≤ –ø–æ —Ñ–∏–∫—Å–∏—Ä–æ–≤–∞–Ω–Ω–æ–π —Ü–µ–Ω–µ, –±—ã—Å—Ç—Ä—ã–µ —Å–µ—Ä–≤–µ—Ä–∞ –≤ –†–æ—Å—Å–∏–∏ –∏ –∑–∞ —Ä—É–±–µ–∂–æ–º.
++ 100 NoNude Models ++	100nonude, pantyhose, lingrie, stockings, fetish, 100 nonude, non nude, alt.binaries, alt.binaries.nospam.teenfem.nonude, nonude girls, young girls, cute little girls of fashion, girls at bikini, beautifull dressed ladies, petite ladies, cute nonude models	free picture gallery of young girl models. models in stockings. pantyhose babes
		
100pudov.info		
–ö–∞–∫ –Ω–∞—É—á–∏—Ç—å—Å—è –æ—Ç–∂–∏–º–∞—Ç—å—Å—è 100 —Ä–∞–∑. –ü—Ä–æ–≥—Ä–∞–º–º–∞ 100 –æ—Ç–∂–∏–º–∞–Ω–∏–π	–æ—Ç–∂–∏–º–∞–Ω–∏—è, —Å–∏–ª–æ–≤—ã–µ –æ—Ç–∂–∏–º–∞–Ω–∏—è, –æ—Ç–∂–∏–º–∞—Ç—å—Å—è, –º—É—Å–∫—É–ª—ã, —Å–∏–ª–∞, —Ñ–∏—Ç–Ω–µ—Å—Å, –ø–ª–∞–Ω —Ç—Ä–µ–Ω–∏—Ä–æ–≤–æ–∫, –ø—Ä–æ–≥—Ä–∞–º–º–∞ —Ç—Ä–µ–Ω–∏—Ä–æ–≤–æ–∫, 100 –æ—Ç–∂–∏–º–∞–Ω–∏–π, —Å—Ç–æ —Ä–∞–∑ –æ—Ç–∂–∞—Ç—å—Å—è, —Ä–∞–∑–≤–∏—Ç–∏–µ –º—ã—à—Ü –≥—Ä—É–¥–∏, —Ç—Ä–∏—Ü–µ–ø—Å—ã, –ø–ª–µ—á–∏, –ø—Ä–µ—Å—Å, –º—ã—à—Ü—ã	–°—Ç–æ –æ—Ç–∂–∏–º–∞–Ω–∏–π. –¢—Ä–µ–Ω–∏—Ä–æ–≤–æ—á–Ω–∞—è –ø—Ä–æ–≥—Ä–∞–º–º–∞, –ø—Ä–µ–¥–Ω–∞–∑–Ω–∞—á–µ–Ω–Ω–∞—è –¥–ª—è —É–ª—É—á—à–µ–Ω–∏—è —Å–∏–ª—ã –∏ —Ñ–∏–∑–∏—á–µ—Å–∫–æ–π –ø–æ–¥–≥–æ—Ç–æ–≤–∫–∏
100mountain ÁôæÂ≤≥Êà∂Â§ñË£ùÂÇôÔºçÈ¶ñÈ†Å	ÁôæÂ≤≥,È´òÈõÑÁôæÂ≤≥,Âè∞ÂåóÁôæÂ≤≥ÁôªÂ±±,Âè∞ÂåóÁôæÂ≤≥Èú≤Ááü,ÁôæÂ≤≥ÁôªÂ±±,ÁôæÂ≤≥Èú≤Ááü,ÁôªÂ±±,Èú≤Ááü,ÁôªÂ±±Èú≤Ááü,ÊóÖÈÅä,È´îËÇ≤	100mountainÁôæÂ≤≥Êà∂Â§ñË£ùÂÇôÂç≥Â∞áÈÇÅÂÖ•40ÂÄãÂπ¥È†≠Ôºå‰∏çÁÆ°ÊòØÂæûÂ§öÂπ¥ÁöÑÁôªÂ±±Á∂ìÈ©óÈÇÑÊòØÂæûÂÆ¢‰∫∫Ë∫´‰∏äÁç≤ÂæóÁöÑÂõûÈ•ãÊÑèË¶ãÔºåÊàëÂÄëË™çÁÇ∫Â∞çÊñºÂñúÊÑõÂ±±ÊûóËàáÊà∂Â§ñÊóÖÈÅäÁöÑÊúãÂèã‰æÜË™™ÔºåÈÉΩÊòØÂæàÁèçË≤¥ÁöÑ„ÄÇ Êõ¥Â§öÁôªÂ±±„ÄÅÈú≤ÁáüË£ùÂÇô ...
–°—Ç–æ —Ä–µ—Ü–µ–ø—Ç–æ–≤ –∫—Ä–∞—Å–æ—Ç—ã - –∫—É–ø–∏—Ç—å –∫–æ—Å–º–µ—Ç–∏–∫—É –Ω–∞ –æ—Ñ–∏—Ü–∏–∞–ª—å–Ω–æ–º —Å–∞–π—Ç–µ 100rk.ru		–†–æ—Å—Å–∏–π—Å–∫–∞—è –∫–æ—Å–º–µ—Ç–∏–∫–∞ –°—Ç–æ —Ä–µ—Ü–µ–ø—Ç–æ–≤ –∫—Ä–∞—Å–æ—Ç—ã –Ω–∞ –æ—Å–Ω–æ–≤–µ –Ω–∞—Ç—É—Ä–∞–ª—å–Ω—ã—Ö –∏–Ω–≥—Ä–µ–¥–∏–µ–Ω—Ç–æ–≤ –∏ –ª—É—á—à–∏—Ö –¥–æ–º–∞—à–Ω–∏—Ö —Ä–µ—Ü–µ–ø—Ç–æ–≤ –ø–æ–º–æ–∂–µ—Ç —Å–æ—Ö—Ä–∞–Ω–∏—Ç—å –∑–¥–æ—Ä–æ–≤—å–µ, –º–æ–ª–æ–¥–æ—Å—Ç—å –∏ –∫—Ä–∞—Å–æ—Ç—É –Ω–∞–¥–æ–ª–≥–æ!
–ë–∏–∑–Ω–µ—Å-—Ö–æ—Å—Ç–∏–Ω–≥ - 100sm.ru	—Ö–æ—Å—Ç–∏–Ω–≥,–±–∏–∑–Ω–µ—Å-—Ö–æ—Å—Ç–∏–Ω–≥,–≤–µ–±—Ö–æ—Å—Ç–∏–Ω–≥,–∞—Ä–µ–Ω–¥–∞ —Å–µ—Ä–≤–µ—Ä–æ–≤,—Ä–µ–≥–∏—Å—Ç—Ä–∞—Ü–∏—è –¥–æ–º–µ–Ω–æ–≤,–Ω–∞–¥–µ–∂–Ω—ã–π —Ö–æ—Å—Ç–∏–Ω–≥,–±—ã—Å—Ç—Ä—ã–π —Ö–æ—Å—Ç–∏–Ω–≥,–≤–∏—Ä—Ç—É–∞–ª—å–Ω—ã–π,vps,VDS,–≤—ã–¥–µ–ª–µ–Ω–Ω—ã–π —Å–µ—Ä–≤–µ—Ä,—Ö–æ—Å—Ç–∏–Ω–≥-—É—Å–ª—É–≥–∏,ispmanager,cpanel,–±–µ–∑–ª–∏–º–∏—Ç–Ω—ã–π —Ç—Ä–∞—Ñ–∏–∫,Unlimited,—Ä–∞–∑–º–µ—â–µ–Ω–∏–µ,–º–µ—Å—Ç–æ,–ø–æ–¥–¥–µ—Ä–∂–∫–∞,cgi,cron,ssh,ssi,perl,—Ç–µ—Ö–Ω–∏—á–µ—Å–∫–∞—è –ø–æ–¥–¥–µ—Ä–∂–∫–∞,—Ç–µ—Ö–ø–æ–¥–¥–µ—Ä–∂–∫–∞ online	100sm.ru –ë–∏–∑–Ω–µ—Å-—Ö–æ—Å—Ç–∏–Ω–≥ - –æ–ø—Ç–∏–º–∞–ª—å–Ω—ã–µ —Ç–∞—Ä–∏—Ñ—ã –≤–µ–±—Ö–æ—Å—Ç–∏–Ω–≥–∞, –ª—É—á—à–∏–µ VDS –∫–æ–Ω—Ñ–∏–≥—É—Ä–∞—Ü–∏–∏, —Ä–µ–≥–∏—Å—Ç—Ä–∞—Ü–∏—è –∏ –ø—Ä–æ–¥–ª–µ–Ω–∏–µ –¥–æ–º–µ–Ω–æ–≤ –ø–æ —Ñ–∏–∫—Å–∏—Ä–æ–≤–∞–Ω–Ω–æ–π —Ü–µ–Ω–µ, –±—ã—Å—Ç—Ä—ã–µ —Å–µ—Ä–≤–µ—Ä–∞ –≤ –†–æ—Å—Å–∏–∏ –∏ –∑–∞ —Ä—É–±–µ–∂–æ–º.
–ö–∞–Ω–∞–ª—ã Telegram ‚Ä¢ –ö–∞—Ç–∞–ª–æ–≥, —Å–æ–≤–µ—Ç—ã, –∏–¥–µ–∏, —Ä–µ—Å—É—Ä—Å—ã...		–ë–µ—Å–ø–ª–∞—Ç–Ω—ã–π –∫–∞—Ç–∞–ª–æ–≥ –∫–∞–Ω–∞–ª–æ–≤ –≤ Telegram, –∞ —Ç–∞–∫–∂–µ —Ä–∞–∑–¥–µ–ª —Å —Ä–µ—Å—É—Ä—Å–∞–º–∏, –∏–¥–µ—è–º–∏, —Å–æ–≤–µ—Ç–∞–º–∏ –¥–ª—è –∞–¥–º–∏–Ω–∏—Å—Ç—Ä–∞—Ç–æ—Ä–æ–≤ –ø–æ –ø—Ä–æ–¥–≤–∏–∂–µ–Ω–∏—é –∏ –º–æ–Ω–µ—Ç–∏–∑–∞—Ü–∏–∏ –∫–∞–Ω–∞–ª–æ–≤, –±–æ—Ç–æ–≤, –≥—Ä—É–ø–ø
100 –£–ò–ö –ö–∞–∑–∞–Ω–∏	site, google, internet	100 –£–ò–ö –ö–∞–∑–∞–Ω–∏
–°–æ–≤–º–µ—Å—Ç–Ω—ã–µ –ø–æ–∫—É–ø–∫–∏	—Å–æ–≤–º–µ—Å—Ç–Ω—ã–µ –ø–æ–∫—É–ø–∫–∏, –∑–∞–∫—É–ø–∫–∏, –∫–ª—É–±, –º–∞–≥–∞–∑–∏–Ω, —Å–∞–π—Ç, –≥—Ä—É–ø–ø–æ–≤—ã–µ –∑–∞–∫—É–ø–∫–∏, 	–°–∞–π—Ç —Å–æ–≤–º–µ—Å—Ç–Ω—ã—Ö –ø–æ–∫—É–ø–æ–∫. –ö—É–ø–∏—Ç—å –∂–µ–Ω—Å–∫—É—é –∏ –¥–µ—Ç—Å–∫—É—é –æ–¥–µ–∂–¥—É, –æ–±—É–≤—å, –ø—Ä–æ–¥—É–∫—Ç—ã –ø–∏—Ç–∞–Ω–∏—è, —Ç–æ–≤–∞—Ä—ã –¥–ª—è –¥–æ–º–∞. 100sp - –ª—É—á—à–µ–µ –∑–∞ –ø–æ–ª—Ü–µ–Ω—ã!
–∏–Ω–∂–µ–Ω–µ—Ä–Ω–æ–µ –±—é—Ä–æ "–û–¥–Ω–∞ –ê—Ç–º–æ—Å—Ñ–µ—Ä–∞" (1 –ê—Ç–º–æ—Å—Ñ–µ—Ä–∞)	–û—Ç–æ–ø–ª–µ–Ω–∏–µ, –≤–µ–Ω—Ç–∏–ª—è—Ü–∏—è, –∫–æ–Ω–¥–∏—Ü–∏–æ–Ω–∏—Ä–æ–≤–∞–Ω–∏–µ (–û–í–∏–ö) –∏ –ø—Ä–æ—Ç–∏–≤–æ–¥—ã–º–Ω–∞—è –∑–∞—â–∏—Ç–∞ (–ü–î–ó).	—Å–∞–π—Ç –∏–Ω–∂–µ–Ω–µ—Ä–Ω–æ–≥–æ –±—é—Ä–æ –û–¥–Ω–∞ –ê—Ç–º–æ—Å—Ñ–µ—Ä–∞
–ß–∞—Å—Ç–Ω—ã–π —Å–µ–∫—Ç–æ—Ä 2015 –æ—Ç–¥—ã—Ö –∏ —Ü–µ–Ω—ã –Ω–∞ –∂–∏–ª—å–µ —Å —Ñ–æ—Ç–æ.	–ß–∞—Å—Ç–Ω—ã–π —Å–µ–∫—Ç–æ—Ä, 2015, –æ—Ç–¥—ã—Ö, —Ü–µ–Ω—ã, –∂–∏–ª—å–µ, —Ñ–æ—Ç–æ, –Ω–µ–¥–æ—Ä–æ–≥–æ, –Ω–∞ –ª–µ—Ç–æ, –¥–µ—à–µ–≤–æ, –Ω–∞ –±–µ—Ä–µ–≥—É, —É –º–æ—Ä—è, –≤ –æ–±–ª–∞—Å—Ç–∏, —Å–¥–∞—Ç—å, –∞—Ä–µ–Ω–¥–∞, —Å–Ω—è—Ç—å, –Ω–∞ –¥–æ–ª–≥–∏–π —Å—Ä–æ–∫, –ø–æ—Å—É—Ç–æ—á–Ω–æ, –Ω–∞ –≤—ã—Ö–æ–¥–Ω—ã–µ, –Ω–∞ –º–µ—Å—è—Ü, —Ö–æ–∑—è–µ–≤, –±–µ–∑ –ø–æ—Å—Ä–µ–¥–Ω–∏–∫–æ–≤, —Å–æ–±—Å—Ç–≤–µ–Ω–Ω–∏–∫, –∫–≤–∞—Ä—Ç–∏—Ä–∞, –∫–æ–º–Ω–∞—Ç–∞, –¥–æ–º

, —Ä–µ–π—Ç–∏–Ω–≥.	–ß–∞—Å—Ç–Ω—ã–π —Å–µ–∫—Ç–æ—Ä 2015 –æ—Ç–¥—ã—Ö –∏ —Ü–µ–Ω—ã –Ω–∞ –∂–∏–ª—å–µ —Å —Ñ–æ—Ç–æ., —á–∞—Å—Ç–Ω—ã–π —Å–µ–∫—Ç–æ—Ä 2015 –æ—Ç–¥—ã—Ö –∏ —Ü–µ–Ω—ã –Ω–∞ –∂–∏–ª—å–µ (–∫–≤–∞—Ä—Ç–∏—Ä—ã, –∫–æ–º–Ω–∞—Ç—ã, –¥–æ–º–∞) —Å —Ñ–æ—Ç–æ, —Å–Ω—è—Ç—å –Ω–µ–¥–æ—Ä–æ–≥–æ –Ω–∞ –ª–µ—Ç–æ, –∞—Ä–µ–Ω–¥–∞ –¥–µ—à–µ–≤–æ –Ω–∞ –±–µ—Ä–µ–≥—É —É –º–æ—Ä—è –æ—Ç —Ö–æ–∑—è–µ–≤ –∏ –±–µ–∑ –ø–æ—Å—Ä–µ–¥–Ω–∏–∫–æ–≤, —Å–æ–±—Å—Ç–≤–µ–Ω–Ω–∏–∫ –º–æ–∂–µ—Ç —Å–¥–∞—Ç—å –Ω–∞ –¥–æ–ª–≥–∏–π —Å—Ä–æ–∫ –∏ –ø–æ—Å—É—Ç–æ—á–Ω–æ. –í—ã–±–∏—Ä–∞–π—Ç–µ –ª—é–±–æ–π –∏–∑ 101 —á–∞—Å—Ç–Ω—ã–π —Å–µ–∫—Ç–æ—Ä –≤ —Ä–µ–π—Ç–∏–Ω–≥–µ.
–ü—Ä–æ–¥–∞–∂–∞ –∫—É–ª–µ—Ä–æ–≤ –¥–ª—è –≤–æ–¥—ã –≤ –ù–∏–∂–Ω–µ–º –ù–æ–≤–≥–æ—Ä–æ–¥–µ | –ö–æ–º–ø–∞–Ω–∏—è 101 –∫—É–ª–µ—Ä		
101 –±–∞—Å—Å–µ–π–Ω	–ë–∞—Å—Å–µ–π–Ω, –ø–ª–∞–≤–∞–Ω–∏–µ, –≤–æ–¥–∞, –Ω—ã—Ä—è—Ç—å, –ø—Ä—ã–∂–∫–∏ —Å –≤—ã—à–∫–∏ –≤ –≤–æ–¥—É, –∫—É–ø–∞—Ç—å—Å—è, –ø–ª–∞–≤–∫–∏, –ª–∞—Å—Ç—ã, –æ—á–∫–∏, –º–∞—Å–∫–∏, –∫—É–ø–∞–ª—å–Ω–∏–∫ , —Ä–µ–π—Ç–∏–Ω–≥.	101 –±–∞—Å—Å–µ–π–Ω, –±–∞—Å—Å–µ–π–Ω—ã  101 –±–∞—Å—Å–µ–π–Ω –≤ —Ä–µ–π—Ç–∏–Ω–≥–µ.
¬´101.–ö—Ä–µ–¥–∏—Ç¬ª		–ü–æ—Å—Ç–∞—Ä–∞–µ–º—Å—è –æ—Ç–≤–µ—Ç–∏—Ç—å –Ω–∞ –±–∞–Ω–∞–ª—å–Ω—ã–π –¥–ª—è —Ä–æ—Å—Å–∏—è–Ω –≤–æ–ø—Ä–æ—Å ¬´–≥–¥–µ –≤–∑—è—Ç—å –¥–µ–Ω–µ–≥¬ª –Ω–µ–±–∞–Ω–∞–ª—å–Ω—ã–º–∏ —Å–ø–æ—Å–æ–±–∞–º–∏! –ö–∞–∫–æ–π –∏–∑ –Ω–∏–∂–µ–æ–ø–∏—Å–∞–Ω–Ω—ã—Ö –≤–∞—Ä–∏–∞–Ω—Ç–æ–≤ –ø–æ–Ω—Ä–∞–≤–∏—Ç—Å—è –≤–∞–º –±–æ–ª—å—à–µ –≤—Å–µ–≥–æ?
101currency.com ‚Ä∫ Currency and Exchange Rates, Currency	exchange rates, 101currency, cross rates, currency converter, currency, rates, currency exchange, currency, central bank, 101currency.com	All the world central bank currencies, current exchange rates, cross rates, currency converter and exchange graphs
–î–æ–≥–æ–≤–æ—Ä –∫—É–ø–ª–∏-–ø—Ä–æ–¥–∞–∂–∏ –∞–≤—Ç–æ–º–æ–±–∏–ª—è –º–µ–∂–¥—É —Ñ–∏–∑–∏—á–µ—Å–∫–∏–º–∏ –ª–∏—Ü–∞–º–∏ –≤ 2019 –≥–æ–¥—É		–ù–∞—à —Å–∞–π—Ç —Å–æ–¥–µ—Ä–∂–∏—Ç –±–ª–∞–Ω–∫–∏ –∏ —à–∞–±–ª–æ–Ω—ã –¥–æ–≥–æ–≤–æ—Ä–æ–≤ –∫—É–ø–ª–∏-–ø—Ä–æ–¥–∞–∂–∏ (–¥–∫–ø) –∞–≤—Ç–æ–º–æ–±–∏–ª—è, –∞–∫—Ç—É–∞–ª—å–Ω—ã–µ –Ω–∞ 2019 –≥–æ–¥, –æ–∑–Ω–∞–∫–æ–º–∏—Ç—å—Å—è –∏ —Å–∫–∞—á–∞—Ç—å –≤ —Ä–∞–∑–Ω—ã—Ö —Ñ–æ—Ä–º–∞—Ç–∞—Ö –¥–æ–≥–æ–≤–æ—Ä–∞ –º–æ–∂–µ—Ç–µ –Ω–∞ –Ω–∞—à–µ–º —Å–∞–π—Ç–µ 101dogovor.ru
–§–µ—Å—Ç–∏–≤–∞–ª–∏ . –ö—É–¥–∞ —Å—Ö–æ–¥–∏—Ç—å ? 1 —Ñ–µ—Å—Ç–∏–≤–∞–ª—å –≤	, –§–µ—Å—Ç–∏–≤–∞–ª—å, –ø—Ä–∞–∑–¥–Ω–∏–∫, –º—É–∑—ã–∫–∞, —Å–≤–µ—Ç, —Ñ–µ–π–µ—Ä–≤–µ—Ä–∫–∏, —Ä–∞–∑–≤–ª–µ—á–µ–Ω–∏—è, –æ—Ç–¥—ã—Ö, –æ—Ç–¥—ã—Ö–∞—Ç—å, –≤–µ—Å–µ–ª–∏—Ç—å—Å—è, —Å –¥–µ—Ç—å–º–∏, —Å—Ö–æ–¥–∏—Ç—å	–ö—É–¥–∞ —Å—Ö–æ–¥–∏—Ç—å  –§–µ—Å—Ç–∏–≤–∞–ª—å (–§–µ—Å—Ç–∏–≤–∞–ª–∏) 1 : –ö—Ä—É–≥ —Å–≤–µ—Ç–∞ –≤ –ú–æ—Å–∫–≤–µ 2015 "" 26 —Å–µ–Ω—Ç—è–±—Ä—è - 4 –æ–∫—Ç—è–±—Ä—è (–ú–æ—Å–∫–æ–≤—Å–∫–∏–π –ú–µ–∂–¥—É–Ω–∞—Ä–æ–¥–Ω—ã–π), 
101 –∫–ª—É–±	–ö–æ–Ω—Ü–µ—Ä—Ç, –≤—ã—Å—Ç—É–ø–ª–µ–Ω–∏–µ, –¥–∏–¥–∂–µ–π, —Ç–∞–Ω—Ü—ã, –∞–ª–∫–æ–≥–æ–ª—å, –∫–æ—Ç–µ–ª–∫–∏, —Ä–µ–π—Ç–∏–Ω–≥.	101 –∫–ª—É–± , –∫–ª—É–±—ã –≤—Å–µ–≥–æ –º–∏—Ä–∞, –∑–∞–∂–∏–≥–∞—Ç–µ–ª—å–Ω—ã–µ, –±–æ–ª—å—à–∏–µ –∏ –º–∞–ª–µ–Ω—å–∫–∏–µ, –∑–∞–∂–∏–≥–∞—Ç–µ–ª—å–Ω—ã–µ, –ø–∞—Ñ–æ—Å–Ω—ã–µ, –ø—Ä–æ—Å—Ç—ã–µ, —Ç–∞–Ω—Ü–µ–≤–∞–ª—å–Ω—ã–µ, –±–ª–∏–∑–∫–∏–µ –≤–∞–º –∏ –∏–Ω—Ç–µ—Ä–µ—Å–Ω—ã–µ. –í—ã–±–∏—Ä–∞–π—Ç–µ –ª—é–±–æ–π –∏–∑ 101 –∫–ª—É–± –≤ —Ä–µ–π—Ç–∏–Ω–≥–µ.
101Hotels.ru | –ë—Ä–æ–Ω–∏—Ä–æ–≤–∞–Ω–∏–µ –≥–æ—Å—Ç–∏–Ω–∏—Ü –±–µ—Å–ø–ª–∞—Ç–Ω–æ, –ø–æ–∏—Å–∫ –æ—Ç–µ–ª–µ–π –æ–Ω–ª–∞–π–Ω		–û–Ω–ª–∞–π–Ω –±—Ä–æ–Ω–∏—Ä–æ–≤–∞–Ω–∏–µ –≥–æ—Å—Ç–∏–Ω–∏—Ü. –ü–æ–¥—Ä–æ–±–Ω—ã–π —Å–ø—Ä–∞–≤–æ—á–Ω–∏–∫ –æ—Ç–µ–ª–µ–π –≤ —Ä–∞–∑–ª–∏—á–Ω—ã—Ö –≥–æ—Ä–æ–¥–∞—Ö –†–æ—Å—Å–∏–∏ –∏ –¥—Ä—É–≥–∏—Ö —Å—Ç—Ä–∞–Ω –º–∏—Ä–∞: –æ–ø–∏—Å–∞–Ω–∏—è, —Ñ–æ—Ç–æ–≥—Ä–∞—Ñ–∏–∏ –Ω–æ–º–µ—Ä–æ–≤, —Å—Ç–æ–∏–º–æ—Å—Ç—å –ø—Ä–æ–∂–∏–≤–∞–Ω–∏—è. –°–∏—Å—Ç–µ–º–∞ –ø–æ–∏—Å–∫–∞ –Ω–æ–º–µ—Ä–æ–≤. –°–ø–µ—Ü–ø—Ä–µ–¥–ª–æ–∂–µ–Ω–∏—è. –û—Ç–∑—ã–≤—ã —Ç—É—Ä–∏—Å—Ç–æ–≤.
Football Live Streaming, Betting Tips, News & Videos | 101 Great Goals		Discover how to watch football live streaming ‚úÖ Check out football betting tips ‚úÖ Catch up on the latest football news ‚úÖ Enjoy football free bets ‚úÖ Watch football videos ‚úÖ
101 –º–æ—Ç–æ—Å—Ç—Ä–µ–ª–∫–æ–≤—ã–π –ø–æ–ª–∫ - 101 –ú–æ—Ç–æ—Å—Ç—Ä–µ–ª–∫–æ–≤—ã–π –ø–æ–ª–∫		
101 –∫–∞—Ç–æ–∫ –≤ 2015 - 2016 –≥–æ–¥—É	–ö–∞—Ç–æ–∫, –∫–∞—Ç–∞–Ω–∏–µ, –ª–µ–¥, —Å–∫–æ–ª—å–∑–∏—Ç—å, –∫–æ–Ω—å–∫–∏, –ø–æ–∫–∞—Ç–∞—Ç—å—Å—è, —Ä–µ–π—Ç–∏–Ω–≥.	101 –∫–∞—Ç–æ–∫ –≤ 2015 - 2016 –≥–æ–¥—É, –∫–∞—Ç–∫–∏ –≤—Å–µ–≥–æ –º–∏—Ä–∞, –±–ª–∏–∑–∫–∏–µ –≤–∞–º –∏ –∏–Ω—Ç–µ—Ä–µ—Å–Ω—ã–µ. –í—ã–±–∏—Ä–∞–π—Ç–µ –ª—é–±–æ–π –∏–∑ 101 –∫–∞—Ç–æ–∫ –≤ —Ä–µ–π—Ç–∏–Ω–≥–µ.
–û–Ω–ª–∞–π–Ω —Ä–∞–¥–∏–æ –±–µ—Å–ø–ª–∞—Ç–Ω–æ	—Ä–∞–¥–∏–æ, –æ–Ω–ª–∞–π–Ω, –∏–Ω—Ç–µ—Ä–Ω–µ—Ç, –º—É–∑—ã–∫–∞, –≤–∏–¥–µ–æ, –∫–ª–∏–ø—ã, –Ω–æ–≤–æ—Å—Ç–∏, —Ä–∞–¥–∏–æ—Å—Ç–∞–Ω—Ü–∏—è, —Å–ª—É—à–∞—Ç—å	–í—ã –º–æ–∂–µ—Ç–µ —Å–ª—É—à–∞—Ç—å –ª—é–±–∏–º—É—é —Ä–∞–¥–∏–æ—Å—Ç–∞–Ω—Ü–∏—é –≤ –æ–Ω–ª–∞–π–Ω —Ä–µ–∂–∏–º–µ –∏–∑ –¥–æ–º–∞, —Å —Ä–∞–±–æ—Ç—ã, –≤ –¥–æ—Ä–æ–≥–µ –≤—Å–µ–≥–æ –ª–∏—à—å –∑–∞–ø—É—Å—Ç–∏–≤ –Ω–∞—à —Ä–∞–¥–∏–æ-–ø–ª–µ–µ—Ä –≤ –ª—é–±–æ–º –±—Ä–∞—É–∑–µ—Ä–µ. –ü—Ä–∏—Å–æ–µ–¥–∏–Ω—è–π—Ç–µ—Å—å –∫ —Å–æ–æ–±—â–µ—Å—Ç–≤—É –ª—é–±–∏—Ç–µ–ª–µ–π —Ö–æ—Ä–æ—à–µ–π –º—É–∑—ã–∫–∏ –Ω–∞ 101.ru!
–ú–∞–≥–∞–∑–∏–Ω 101-shop.ru: c–æ–ª–Ω—Ü–µ–∑–∞—â–∏—Ç–Ω—ã–µ –æ—á–∫–∏ Polaroid, –ø—Ä–æ—Ñ–µ—Å—Å–∏–æ–Ω–∞–ª—å–Ω—ã–µ —Å–ø–æ—Ä—Ç–∏–≤–Ω—ã–µ –æ—á–∫–∏ Swiss Eye, –æ—á–∫–∏ –¥–ª—è –∫–æ—Ä—Ä–µ–∫—Ü–∏–∏ –∑—Ä–µ–Ω–∏—è.		–ò–Ω—Ç–µ—Ä–Ω–µ—Ç-–º–∞–≥–∞–∑–∏–Ω —Å–æ–ª–Ω—Ü–µ–∑–∞—â–∏—Ç–Ω—ã—Ö –æ—á–∫–æ–≤ –∏ –æ–ø—Ä–∞–≤ –¥–ª—è –∫–æ—Ä—Ä–µ–∫—Ü–∏–∏ –∑—Ä–µ–Ω–∏—è. –ü—Ä–∏–º–µ—Ä–∫–∞ –≤ –º–∞–≥–∞–∑–∏–Ω–µ –≤ –ú–æ—Å–∫–≤–µ, –¥–æ—Å—Ç–∞–≤–∫–∞ –ø–æ –†–æ—Å—Å–∏–∏ –∏ –º–∏—Ä—É
		
–ü–æ—Ä—Ç–∞–ª –æ –∑–¥–æ—Ä–æ–≤—å–µ –∏ –∫—Ä–∞—Å–æ—Ç–µ 103.by - –ø–æ–∏—Å–∫ –ª–µ–∫–∞—Ä—Å—Ç–≤ –∏ —Ç–æ–≤–∞—Ä–æ–≤, –º–µ–¥–∏—Ü–∏–Ω—Å–∫–∏–µ —Ü–µ–Ω—Ç—Ä—ã –∏ —É—Å–ª—É–≥–∏, –º–µ–¥—Ç—É—Ä–∏–∑–º, —Å–∞–ª–æ–Ω—ã –∫—Ä–∞—Å–æ—Ç—ã, —Ñ–∏—Ç–Ω–µ—Å –∏ —Å–ø–æ—Ä—Ç		–ú–µ–¥–∏—Ü–∏–Ω—Å–∫–∏–π –ø–æ—Ä—Ç–∞–ª 103.by - –∫–∞—Ç–∞–ª–æ–≥ —Å—Ç–æ–º–∞—Ç–æ–ª–æ–≥–∏–π, –º–µ–¥–∏—Ü–∏–Ω—Å–∫–∏—Ö —Ü–µ–Ω—Ç—Ä–æ–≤, –ø–æ–ª–∏–∫–ª–∏–Ω–∏–∫ –∏ –±–æ–ª—å–Ω–∏—Ü —Å —Ç–µ–ª–µ—Ñ–æ–Ω–∞–º–∏, –∞–¥—Ä–µ—Å–∞–º–∏, –≥—Ä–∞—Ñ–∏–∫–æ–º —Ä–∞–±–æ—Ç—ã.
–°–∞–π—Ç –¥–ª—è —Å–ø–æ–∂–∏–≤–∞—á—ñ–≤ –ø—Ä–∏—Ä–æ–¥–Ω–æ–≥–æ –≥–∞–∑—É / 104.ua	, 104.ua	 104.ua. 
–ò–Ω—Ç–µ—Ä–Ω–µ—Ç –º–∞–≥–∞–∑–∏–Ω - –†–∞–¥–∏–æ –û—Ä–µ–Ω–±—É—Ä–≥	–∏–Ω—Ç–µ—Ä–Ω–µ—Ç, –º–∞–≥–∞–∑–∏–Ω, –∏–Ω—Ç–µ—Ä–Ω–µ—Ç –º–∞–≥–∞–∑–∏–Ω, –ì—Ä–∞–∂–¥–∞–Ω—Å–∫–∏–µ —Ä–∞–¥–∏–æ—Å—Ç–∞–Ω—Ü–∏–∏, —Ä–∞—Ü–∏–∏, –ü–æ—Ä—Ç–∞—Ç–∏–≤–Ω—ã–µ —Ä–∞–¥–∏–æ—Å—Ç–∞–Ω—Ü–∏–∏, –ü—Ä–æ—Ñ–µ—Å—Å–∏–æ–Ω–∞–ª—å–Ω—ã–µ —Ä–∞–¥–∏–æ—Å—Ç–∞–Ω—Ü–∏–∏, —Ä–∞—Ü–∏–∏	–ò–Ω—Ç–µ—Ä–Ω–µ—Ç –º–∞–≥–∞–∑–∏–Ω - –†–∞–¥–∏–æ –û—Ä–µ–Ω–±—É—Ä–≥. –ò–¥–µ–∞–ª—å–Ω–æ–π —Ä–∞–¥–∏–æ—Å—Ç–∞–Ω—Ü–∏–∏, –∫–æ—Ç–æ—Ä–∞—è –ø–æ–¥—Ö–æ–¥–∏–ª–∞ –±—ã –¥–ª—è –≤—Å–µ—Ö —Å–ª—É—á–∞–µ–≤ –∂–∏–∑–Ω–∏, –∫ —Å–æ–∂–∞–ª–µ–Ω–∏—é, –Ω–µ —Å—É—â–µ—Å—Ç–≤—É–µ—Ç. –í —Ç–æ–∂–µ –≤—Ä–µ–º—è —Ä–∞–¥–∏–æ—Å—Ç–∞–Ω—Ü–∏—è —è–≤–ª—è–µ—Ç—Å—è –¥–æ—Å—Ç–∞—Ç–æ—á–Ω–æ —É–Ω–∏–≤–µ—Ä—Å–∞–ª—å–Ω—ã–º —É—Å—Ç—Ä–æ–π—Å—Ç–≤–æ–º.
–ò—Å—Ç—ë–∫ —Å—Ä–æ–∫ —Ä–µ–≥–∏—Å—Ç—Ä–∞—Ü–∏–∏ –¥–æ–º–µ–Ω–∞ 105mb.ru		
1069.com -&nbsp–î–∞–Ω–Ω—ã–π –≤–µ–±-—Å–∞–π—Ç –≤—ã—Å—Ç–∞–≤–ª–µ–Ω –Ω–∞ –ø—Ä–æ–¥–∞–∂—É! -&nbspgay,straight,1069,hardcore –†–µ—Å—É—Ä—Å—ã –∏ –∏–Ω—Ñ–æ—Ä–º–∞—Ü–∏—è.		–î–∞–Ω–Ω—ã–π –≤–µ–±-—Å–∞–π—Ç –≤—ã—Å—Ç–∞–≤–ª–µ–Ω –Ω–∞ –ø—Ä–æ–¥–∞–∂—É! 1069.com –≤–∞—à –ø–µ—Ä–≤—ã–π –∏ –ª—É—á—à–∏–π –∏—Å—Ç–æ—á–Ω–∏–∫ –≤—Å–µ–π –∏–Ω—Ñ–æ—Ä–º–∞—Ü–∏–∏, –∫–æ—Ç–æ—Ä—É—é –≤—ã –∏—â–µ—Ç–µ! –û—Ç –æ–±—â–∏—Ö —Ç–µ–º –¥–æ –≤—Å–µ–≥–æ, —á—Ç–æ –±—ã –≤—ã —Ö–æ—Ç–µ–ª–∏ –Ω–∞–π—Ç–∏ –∑–¥–µ—Å—å, 1069.com —Å–æ–¥–µ—Ä–∂–∏—Ç –≤—Å–µ —ç—Ç–æ. –ù–∞–¥–µ–µ–º—Å—è, –≤—ã –Ω–∞–π–¥–µ—Ç–µ —Ç–æ, —á—Ç–æ –∏—â–µ—Ç–µ!
105F Yoga, Pilates & Mindfulness		Visit a 105F Hot Yoga studio today in your Chicago neighborhood. Our yoga studios offer a welcoming and encouraging environment that feels like home.
–ö–∞—Ç–µ–≥–æ—Ä–∏–∏ –∏ —Ä–∞–∑–¥–µ–ª—ã - –§–æ—Ä—É–º –∞–≤—Ç–æ–∫–ª—É–±–∞ Peugeot 107 + Toyota Aygo + Citroen C1		
WFNI ESPN 107.5 / 1070 The Fan | Indy's SportsCenter		
–ù–æ–≤–æ—Å—Ç–∏ –º–∏—Ä–∞ | –ù–æ–≤–æ—Å—Ç–∏ –æ–±–æ –≤—Å—ë–º –Ω–∞ —Å–≤–µ—Ç–µ.	–ù–æ–≤–æ—Å—Ç–∏,–ë–µ–∑ —Ä—É–±—Ä–∏–∫–∏	
Totul despre Televizoare si Universul HD		Blog de tehnologie cu focus principal pe Televizoare HD si Sisteme multimedia pentru acasa. Oferte si recomandari de la marile magazine online si reviewuri.
		
10bb.ru - –°–æ–∑–¥–∞–π —Å–≤–æ–π —Ñ–æ—Ä—É–º!		
D√≠jmentes weboldal k√©sz√≠t√©s, google optimaliz√°l√°s	weboldalk√©sz√≠t√©s, apr√≥hirdet√©s, c√©gkeres≈ë, oszt√°lyt√°rskeres≈ë, sz√°ll√°skeres≈ë	A port√°lunkon k√∂zel 3 milli√≥ oldalnyi inform√°ci√≥t tal√°lsz. Ha szeretn√©d megn√©zni, hogy a telep√ºl√©seden, vagy vonz√°sk√∂rzet√©ben hol kaphatod meg azt amire sz√ºks√©ged van, vagy szeretn√©d tudni, hogy mit √©s hol tudsz olcs√≥bban megv√°s√°rolni, akkor kattints a 109.hu-ra!
–î–æ—Å—Ç—É–ø –∑–∞–∫—Ä—ã—Ç	–î–æ–º.—Ä—É —Å–∏—Ç–∏–¥–æ–º, citydom, –∏–Ω—Ç–µ—Ä–Ω–µ—Ç, –∏–Ω—Ç–µ—Ä–Ω–µ—Ç –¥–æ–º–æ–π, —Ç–µ–ª–µ–≤–∏–¥–µ–Ω–∏–µ, —Å–∫–æ—Ä–æ—Å—Ç–Ω–æ–π –∏–Ω—Ç–µ—Ä–Ω–µ—Ç, wifi, –∫–∞–±–µ–ª—å–Ω–æ–µ –¢–í, —Ü–∏—Ñ—Ä–æ–≤–æ–µ –¢–í, –¥–æ–º–∞—à–Ω–∏–π —Ç–µ–ª–µ—Ñ–æ–Ω, —Ç–µ–ª–µ—Ñ–æ–Ω–∏—è	–î–æ–º.ru - —É–Ω–∏–≤–µ—Ä—Å–∞–ª—å–Ω—ã–π –ø—Ä–æ–≤–∞–π–¥–µ—Ä —É—Å–ª—É–≥ –Ω–∞—Å—Ç–æ—è—â–∞—è —Ç–µ–ª–µ–∫–æ–º-—Ñ–∞–±—Ä–∏–∫–∞ —Ä–∞–∑–≤–ª–µ—á–µ–Ω–∏–π –¥–ª—è –¥–æ–º–∞: –ò–Ω—Ç–µ—Ä–Ω–µ—Ç, –ö–∞–±–µ–ª—å–Ω–æ–µ —Ç–µ–ª–µ–≤–∏–¥–µ–Ω–∏–µ, –¶–∏—Ñ—Ä–æ–≤–æ–µ —Ç–µ–ª–µ–≤–∏–¥–µ–Ω–∏–µ, –¢–µ–ª–µ—Ñ–æ–Ω, Wi-Fi
		
–í—Å–µ –∫–∞—Ç–µ–≥–æ—Ä–∏–∏ –∏–≥—Ä - –°–∫–∞—á–∞—Ç—å –∏–≥—Ä—ã		
10i.ru is, probably, for sale		10i.ru - domain is, probably, for sale. Domain is parked by service DomainParking.ru
		
–°–æ–∑–¥–∞—Ç—å —Å–∞–π—Ç –∏–Ω—Ç–µ—Ä–Ω–µ—Ç –º–∞–≥–∞–∑–∏–Ω –±–µ—Å–ø–ª–∞—Ç–Ω–æ. –ö–æ–Ω—Å—Ç—Ä—É–∫—Ç–æ—Ä —Å–∞–π—Ç–æ–≤	—Å–æ–∑–¥–∞—Ç—å –∏–Ω—Ç–µ—Ä–Ω–µ—Ç –º–∞–≥–∞–∑–∏–Ω, —Å–æ–∑–¥–∞—Ç—å —Å–∞–π—Ç –±–µ—Å–ø–ª–∞—Ç–Ω–æ —Å–≤–æ–∏–º–∏ —Ä—É–∫–∞–º–∏, –ø–æ—Å—Ç—Ä–æ–∏—Ç—å —Å–∞–π—Ç –¥–µ—à–µ–≤–æ, —Å–æ–∑–¥–∞—Ç—å –∏–Ω—Ç–µ—Ä–Ω–µ—Ç –º–∞–≥–∞–∑–∏–Ω, –∏–Ω—Ç–µ—Ä–Ω–µ—Ç —Å–∞–π—Ç –±–µ—Å–ø–ª–∞—Ç–Ω–æ, –±–µ—Å–ø–ª–∞—Ç–Ω–æ –¥–æ–º–µ–Ω, –±–µ—Å–ø–ª–∞—Ç–Ω—ã–π –∫–æ–Ω—Å—Ç—Ä—É–∫—Ç–æ—Ä —Å–∞–π—Ç–æ–≤, —Å–∏—Å—Ç–µ–º–∞ —Å–æ–∑–¥–∞–Ω–∏—è –±–µ—Å–ø–ª–∞—Ç–Ω—ã—Ö —Å–∞–π—Ç–æ–≤, biz, ru	–°–æ–∑–¥–∞—Ç—å —Å–∞–π—Ç –∏–Ω—Ç–µ—Ä–Ω–µ—Ç –º–∞–≥–∞–∑–∏–Ω –±–µ—Å–ø–ª–∞—Ç–Ω–æ. –ö–æ–Ω—Å—Ç—Ä—É–∫—Ç–æ—Ä —Å–∞–π—Ç–æ–≤. –°–∞–º—ã–π –ø—Ä–æ—Å—Ç–æ–π —Å–ø–æ—Å–æ–± —Å–æ–∑–¥–∞—Ç—å –ø—Ä–æ–¥–∞—é—â–∏–π –∏–Ω—Ç–µ—Ä–Ω–µ—Ç-–º–∞–≥–∞–∑–∏–Ω –≠—Ñ—Ñ–µ–∫—Ç–Ω–∞—è –ø–æ–¥–∞—á–∞ —Ç–æ–≤–∞—Ä–æ–≤, —É–¥–æ–±–Ω–∞—è —Å–∏—Å—Ç–µ–º–∞ —É–ø—Ä–∞–≤–ª–µ–Ω–∏—è, –º–æ–±–∏–ª—å–Ω–∞—è –æ–ø—Ç–∏–º–∏–∑–∞—Ü–∏—è.
–°–æ–∑–¥–∞—Ç—å —Å–∞–π—Ç –±–µ—Å–ø–ª–∞—Ç–Ω–æ –≤ –ë–µ–ª–∞—Ä—É—Å–∏, –ë–ï–°–ü–õ–ê–¢–ù–´–ô –ö–û–ù–°–¢–†–£–ö–¢–û–† –°–ê–ô–¢–û–í, –±–µ—Å–ø–ª–∞—Ç–Ω–æ–µ —Å–æ–∑–¥–∞–Ω–∏–µ —Å–∞–π—Ç–æ–≤, –∏–Ω—Ç–µ—Ä–Ω–µ—Ç –º–∞–≥–∞–∑–∏–Ω —Å–≤–æ–∏–º–∏ —Ä—É–∫–∞–º–∏ –±–µ—Å–ø–ª–∞—Ç–Ω–æ –≤ –ë–µ–ª–∞—Ä—É—Å–∏	—Å–æ–∑–¥–∞—Ç—å —Å–∞–π—Ç –±–µ—Å–ø–ª–∞—Ç–Ω–æ —Å–≤–æ–∏–º–∏ —Ä—É–∫–∞–º–∏, –ø–æ—Å—Ç—Ä–æ–∏—Ç—å —Å–∞–π—Ç –¥–µ—à–µ–≤–æ, —Å–æ–∑–¥–∞—Ç—å –∏–Ω—Ç–µ—Ä–Ω–µ—Ç –º–∞–≥–∞–∑–∏–Ω, –∏–Ω—Ç–µ—Ä–Ω–µ—Ç —Å–∞–π—Ç –±–µ—Å–ø–ª–∞—Ç–Ω–æ, –±–µ—Å–ø–ª–∞—Ç–Ω–æ –¥–æ–º–µ–Ω, –±–µ—Å–ø–ª–∞—Ç–Ω—ã–π –∫–æ–Ω—Å—Ç—Ä—É–∫—Ç–æ—Ä —Å–∞–π—Ç–æ–≤, —Å–∏—Å—Ç–µ–º–∞ —Å–æ–∑–¥–∞–Ω–∏—è –±–µ—Å–ø–ª–∞—Ç–Ω—ã—Ö —Å–∞–π—Ç–æ–≤, biz, ru	–ë–µ—Å–ø–ª–∞—Ç–Ω—ã–π –∫–æ–Ω—Å—Ç—Ä—É–∫—Ç–æ—Ä —Å–∞–π—Ç–æ–≤ –ø–æ–∑–≤–æ–ª–∏—Ç —Å–∞–º–æ–º—É —Å–æ–∑–¥–∞—Ç—å –±–µ—Å–ø–ª–∞—Ç–Ω–æ —Å–∞–π—Ç –∏–ª–∏ –∏–Ω—Ç–µ—Ä–Ω–µ—Ç –º–∞–≥–∞–∑–∏–Ω —Å –Ω–µ–æ–≥—Ä–∞–Ω–∏—á–µ–Ω–Ω—ã–º –∫–∞—Ç–∞–ª–æ–≥–æ–º. –ü–æ—Å—Ç—Ä–æ–π—Ç–µ —Å–æ–±—Å—Ç–≤–µ–Ω–Ω—ã–π —Å–∞–π—Ç –∑–∞ 5 –º–∏–Ω—É—Ç –Ω–µ –ø—Ä–æ—Å—Ç–æ –¥–µ—à–µ–≤–æ, –∞ –¥–∞–∂–µ –±–µ—Å–ø–ª–∞—Ç–Ω–æ.
–°–æ–∑–¥–∞—Ç—å —Å–∞–π—Ç –±–µ—Å–ø–ª–∞—Ç–Ω–æ –≤ –†–æ—Å—Å–∏–∏, –ë–ï–°–ü–õ–ê–¢–ù–´–ô –ö–û–ù–°–¢–†–£–ö–¢–û–† –°–ê–ô–¢–û–í, –±–µ—Å–ø–ª–∞—Ç–Ω–æ–µ —Å–æ–∑–¥–∞–Ω–∏–µ —Å–∞–π—Ç–æ–≤, –∏–Ω—Ç–µ—Ä–Ω–µ—Ç –º–∞–≥–∞–∑–∏–Ω —Å–≤–æ–∏–º–∏ —Ä—É–∫–∞–º–∏ –±–µ—Å–ø–ª–∞—Ç–Ω–æ –≤ –†–æ—Å—Å–∏–∏		–°–æ–∑–¥–∞—Ç—å —Å–∞–π—Ç –±–µ—Å–ø–ª–∞—Ç–Ω–æ –≤ –†–æ—Å—Å–∏–∏. –°–∞–º—ã–π –ø—Ä–æ—Å—Ç–æ–π —Å–ø–æ—Å–æ–± —Å–æ–∑–¥–∞—Ç—å –ø—Ä–æ–¥–∞—é—â–∏–π –∏–Ω—Ç–µ—Ä–Ω–µ—Ç-–º–∞–≥–∞–∑–∏–Ω. –≠—Ñ—Ñ–µ–∫—Ç–Ω–∞—è –ø–æ–¥–∞—á–∞ —Ç–æ–≤–∞—Ä–æ–≤, —É–¥–æ–±–Ω–∞—è —Å–∏—Å—Ç–µ–º–∞ —É–ø—Ä–∞–≤–ª–µ–Ω–∏—è, –º–æ–±–∏–ª—å–Ω–∞—è –æ–ø—Ç–∏–º–∏–∑–∞—Ü–∏—è.
10net.ru - —Å–µ—Ä–≤–∏—Å –ø–æ–∏—Å–∫–∞ –∏–Ω—Ç–µ—Ä–Ω–µ—Ç –ø—Ä–æ–≤–∞–π–¥–µ—Ä–æ–≤. –ü–æ–¥–±–æ—Ä —Ç–∞—Ä–∏—Ñ–∞ –∏ –±–µ—Å–ø–ª–∞—Ç–Ω–æ–µ –ø–æ–¥–∫–ª—é—á–µ–Ω–∏–µ	—Å–µ—Ä–≤–∏—Å –ø–æ–¥–±–æ—Ä –∏–Ω—Ç–µ—Ä–Ω–µ—Ç –ø—Ä–æ–≤–∞–π–¥–µ—Ä –ú–æ—Å–∫–≤–∞ –°–∞–Ω–∫—Ç-–ü–µ—Ç–µ—Ä–±—É—Ä–≥ –ö–∞–ª–∏–Ω–∏–Ω–≥—Ä–∞–¥ –í–æ–ª–æ–≥–¥–∞ –ß–µ—Ä–µ–ø–æ–≤–µ—Ü	–ü–æ–¥–±–µ—Ä–µ–º –∏–Ω—Ç–µ—Ä–Ω–µ—Ç –ø—Ä–æ–≤–∞–π–¥–µ—Ä–∞ –≤ –≤–∞—à–µ–º –≥–æ—Ä–æ–¥–µ. –ù–∞ –¥–∞–Ω–Ω—ã–π –º–æ–º–µ–Ω—Ç —Å–µ—Ä–≤–∏—Å –∞–∫—Ç–∏–≤–Ω–æ —Ä–∞–±–æ—Ç–∞–µ—Ç –≤ –°–∞–Ω–∫—Ç-–ü–µ—Ç–µ—Ä–±—É—Ä–≥–µ. –í—ã–±–∏—Ä–∞–π—Ç–µ —Å–≤–æ–π –≥–æ—Ä–æ–¥ –∏ —Å–º–æ—Ç—Ä–∏—Ç–µ —Å–∞–º—ã–µ –≤—ã–≥–æ–¥–Ω—ã–µ –ø—Ä–µ–¥–ª–æ–∂–µ–Ω–∏—è –∏–Ω—Ç–µ—Ä–Ω–µ—Ç –ø—Ä–æ–≤–∞–π–¥–µ—Ä–æ–≤
BORGChat Homesite - News	BORGChat , v0.2.4 build 125 ,download ,screenshot ,info, v0.3.0 build 130	The most complete LAN Chat program
–ü—Ä–æ —Å—É—Å—Ç–∞–≤—ã - –í—Å–µ –æ –ª–µ—á–µ–Ω–∏–∏ —Å—É—Å—Ç–∞–≤–æ–≤		–í—Å–µ –æ –ª–µ—á–µ–Ω–∏–∏ —Å—É—Å—Ç–∞–≤–æ–≤
		
–†–æ—Å—Å–∏—è 10	–†–æ—Å—Å–∏—è, 10, –≥–µ–æ–≥—Ä–∞—Ñ–∏—á–µ—Å–∫–æ–µ –æ–±—â–µ—Å—Ç–≤–æ, –¥–æ—Å—Ç–æ–ø—Ä–∏–º–µ—á–∞—Ç–µ–ª—å–Ω–æ—Å—Ç–∏, –≤—ã–±–æ—Ä, –≥–æ–ª–æ—Å–æ–≤–∞–Ω–∏–µ, –æ–∫—Ä—É–≥, –æ–±–ª–∞—Å—Ç—å, —Ä–µ–≥–∏–æ–Ω, –≥–æ—Ä–æ–¥, –∫–æ–Ω–∫—É—Ä—Å	–†–æ—Å—Å–∏—è 10 ‚Äî –≤—Å–µ—Ä–æ—Å—Å–∏–π—Å–∫–∏–π –ø—Ä–æ–µ–∫—Ç. –ö–∞–∂–¥—ã–π –º–æ–∂–µ—Ç –æ—Ç–¥–∞—Ç—å —Å–≤–æ–π –≥–æ–ª–æ—Å –∑–∞ –ª—é–±–∏–º—ã–π –≥–µ–æ–≥—Ä–∞—Ñ–∏—á–µ—Å–∫–∏–π –∏–ª–∏ –∞—Ä—Ö–∏—Ç–µ–∫—Ç—É—Ä–Ω—ã–π –æ–±—ä–µ–∫—Ç –≤ –†–æ—Å—Å–∏–∏.
10 –∫—é ‚Äî –ë–ª–æ–≥ –æ —Ç–æ–º, –≥–¥–µ –∏ –∫–∞–∫ –ø–æ–∏–≥—Ä–∞—Ç—å –≤ –∏–≥—Ä—É –ì–æ		.	.	...–ù–∞ —Ñ–æ—Ç–æ: –ö–∞–¥—Ä –∏–∑ —Ñ–∏–ª—å–º–∞ ¬´–ö–∞–º–µ–Ω—å¬ª.–ö–æ—Ä–µ–π—Ü—ã ‚Äî –ª—é–¥–∏ –∞–∑–∞—Ä—Ç–Ω—ã–µ. –ù–æ –∫–∞–∑–∏–Ω–æ –≤ —Å—Ç—Ä–∞–Ω–µ –∑–∞–ø—Ä–µ—â–µ–Ω—ã, —Ç–æ—á–Ω–µ–µ –∑–∞–≥–Ω–∞–Ω—ã –≤ —Å–ø–µ—Ü–∏–∞–ª—å–Ω—ã–µ –∏–≥–æ—Ä–Ω—ã–µ –∑–æ–Ω—ã, –≤ –∫–æ—Ç–æ—Ä—ã–µ —Ç–∞–∫ –ø—Ä–æ—Å—Ç–æ –Ω–µ –ø–æ–ø–∞—Å—Ç—å. –í –∫–∞—Ä—Ç—ã –≤ —Å—Ç—Ä–∞–Ω–µ –Ω–µ –∏–≥—Ä–∞—é—Ç. –®–∞—Ö–º–∞—Ç—ã ‚Äî –Ω–µ –ø–æ–ª—å–∑—É—é—Ç—Å—è –ø–æ–ø—É–ª—è—Ä–Ω–æ—Å—Ç—å—é. –ù–∞ –≤—Å—é...
[W]Net		
San Diego, California News and Weather | KGTV | kgtv.com	abc 10,san diego jobs,chula vista,san diego news,san diego travel,san diego tv station,san diego breaking news,kimberly hunt,san diego brewery,san diego politics	ABC 10News brings you breaking San Diego news.  Get local news headlines, weather, traffic, sports, and entertainment & lifestyle on KGTV-TV and 10News.com

10 Terbaik @10Terbaik.com	10 Terbaik, 10 Terbaik di Dunia, Terbaik, 10Terbaik.com, Daftar 10	Jelajahi 10 Terbaik di Dunia. Periksa 10 daftar dari musik, misteri, sejarah, pengetahuan dan masih banyak lagi.
Events, Global Trade Shows, All Conferences, Upcoming Fairs & Seminars, Popular Workshops & Summits, Business Event Venues		World's largest business event platform, find all upcoming events, business conferences, trade shows, global seminars, networking meets and workshops. Browse and connect with visitors attending, participating exhibitors and view profiles of speakers and organizers. Manage, sell event tickets and promote your event on 10times.com
10TR WordPress Hosting ‚Äì A Service by 10tl.net, ehcp.net		
1100AD: Domination ‚Äì awesome strategy with authentic storyline and addictive PvP battles		
		
		
–ê–≤—Ç–æ–º–æ–±–∏–ª—å–Ω—ã–π –∏–Ω—Ç–µ—Ä–Ω–µ—Ç-–∂—É—Ä–Ω–∞–ª 110km.ru: –ø–æ—Ä—Ç–∞–ª –æ–± –∞–≤—Ç–æ–º–æ–±–∏–ª—è—Ö		110km.ru - –∞–∫—Ç—É–∞–ª—å–Ω—ã–µ –Ω–æ–≤–æ—Å—Ç–∏ –∞–≤—Ç–æ–º–∏—Ä–∞, –ø—Ä–µ–∑–µ–Ω—Ç–∞—Ü–∏–∏ –ø–æ—Å–ª–µ–¥–Ω–∏—Ö –º–æ–¥–µ–ª–µ–π, —É–Ω–∏–∫–∞–ª—å–Ω—ã–µ —Ç–µ—Å—Ç-–¥—Ä–∞–π–≤—ã, –Ω–æ–≤–æ—Å—Ç–∏ –æ—Ç –∞–≤—Ç–æ–¥–∏–ª–µ—Ä–æ–≤, –∞–≤—Ç–æ–º–æ–±–∏–ª—å–Ω—ã–π –∫–∞—Ç–∞–ª–æ–≥.
Ê≥ïÂæãÂí®ËØ¢|ÂæãÂ∏àÂú®Á∫ø - 110ÁΩëÂú®Á∫øÂæãÂ∏àÂÖçË¥πËß£Á≠îÂú®Á∫øÊ≥ïÂæãÂí®ËØ¢	Ê≥ïÂæã,ÂæãÂ∏à,Ê≥ïÂæãÂí®ËØ¢,ÂæãÂ∏àÂú®Á∫ø,Âú®Á∫øÂæãÂ∏àÂí®ËØ¢	110Ê≥ïÂæãÂí®ËØ¢ÁΩëÊèê‰æõÂÖçË¥πÊ≥ïÂæãÂí®ËØ¢„ÄÅÂæãÂ∏àÂú®Á∫øÂí®ËØ¢„ÄÅÊ≥ïÂæãÊ≥ïËßÑÊü•ËØ¢„ÄÅÁÇπÂØπÁÇπÊ≥ïÂæãÂí®ËØ¢Ëß£Á≠î„ÄÅÂú®Á∫øÊ°à‰ª∂ÂßîÊâò„ÄÇÂä≥Âä®ÂêàÂêåÂæãÂ∏à„ÄÅÂ©öÂßªÊ≥ïÂæãÂ∏à„ÄÅÂàë‰∫ãËæ©Êä§ÂæãÂ∏àÁ≠â‰∏∫ÊÇ®Êèê‰æõÂú®Á∫øÂæãÂ∏àÂí®ËØ¢ÊúçÂä°
		
